fid,OBJECTID,SITE_REF,GlobalID_2,NUM_CIVIC,VOIE_ESPVT,ETAT_SITE,ESSENCE,QUE_TR,DIST_CHAIN,LIGN_RUE,DIAMETRE,TYPE_EMP,PROPRIETE,STATUT,RENFORT_1,RENFORT_2,OBST_1,OBST_2,PB_INS,PB_MAL,PB_STR_1,PB_STR_2,PB_PHY_AB,COD_GEN,DANGEREUX,CMTS,PRESC_PLAN,PRESC_PRIO,PRESC_ID,PRESC_CMTS,INV_REAL,INV_DATE,INV_ID,DESC_COMM,TYP_DIAM
"3","158","160",{7C701E22-588E-46FA-8252-8BB3373769C3},"0",VOPA_093,ARBRE,SOAUCR,"1",,,"12",PARC,PUB,AUC,AUC,AUC,AUC,AUC,AUC,AUC,AUC,AUC,BRARAC,"85",NON, ,ELSUGO,2023,TVERTE, ,O,2021-10-12T13:32:26.000,TVJV,,DHP
"603","2991","3011",{5C2CB843-CA0F-4308-9B8C-6BFEB7FC515E},"0",VOPA_093,ARBRE,PNST,"1",,,"7",PARC,PUB,AUC,AUC,AUC,AUC,AUC,AUC,AUC,AUC,AUC,DEP25,"65",NON, ,AUC,,, ,O,2021-10-12T13:16:34.000,TVJV,,DHP
"605","3267","3289",{097EF743-EF63-468B-A2B9-A9CFC8C27D5C},"0",VOPA_093,ARBRE,ACPL,"1",,,"80",PARC,PUB,AUC,AUC,AUC,AUC,AUC,AUC,CHERAC,FOFTR,FENTR,AUC,"65",NON, hauban acier décroché,HAFLSS,2022,TVERTE, ,O,2021-10-12T18:48:22.000,TVJV,,DHP
"606","3279","3301",{FC2D6D97-3282-4D5C-A8AD-EECD8A620E76},"0",VOPA_093,ARBRE,ACPL,"1",,,"35",PARC,PUB,AUC,AUC,AUC,AUC,AUC,AUC,AUC,AUC,AUC,AUC,"80",NON, ,AUC,,, ,O,2021-10-12T19:02:35.000,TVJV,,DHP
"607","3280","3302",{0C895B21-6D81-4146-A87A-3EFE19432B0B},"0",VOPA_093,ARBRE,ACPL,"1",,,"39",PARC,PUB,AUC,AUC,AUC,AUC,AUC,AUC,AUC,FAETR,AUC,AUC,"75",NON, ,AUC,,, ,O,2021-10-12T19:04:03.000,TVJV,,DHP
"608","3281","3303",{82D0BDC1-F583-4349-93CA-31FE9ABCB7FA},"0",VOPA_093,ARBRE,ACPL,"1",,,"54",PARC,PUB,COMME,AUC,AUC,AUC,AUC,AUC,AUC,AUC,AUC,AUC,"80",NON,,AUC,,, ,O,2021-10-12T19:05:43.000,TVJV,Bahais year of peace commemoration 1986 very faded,DHP
"609","3282","3304",{91663FC2-BA38-4BE9-ABD0-02D4B59B4FE6},"0",VOPA_093,ARBRE,ACPL,"1",,,"44",PARC,PUB,AUC,AUC,AUC,AUC,AUC,AUC,AUC,AUC,AUC,AUC,"75",NON, ,AUC,,, ,O,2021-10-13T13:35:47.000,TVJV,,DHP
"610","3283","3305",{E1D296AE-E5E7-42A0-A071-1D58BD120355},"0",VOPA_093,ARBRE,ACPL,"1",,,"41",PARC,PUB,AUC,AUC,AUC,AUC,AUC,AUC,AUC,RAETR,AUC,AUC,"70",NON, ,AUC,,, ,O,2021-10-13T13:37:05.000,TVJV,,DHP
"611","3284","3306",{957DCD74-92EF-4CB5-B8F4-738DAE213E35},"0",VOPA_093,ARBRE,ACPL,"1",,,"41",PARC,PUB,COMME,AUC,AUC,AUC,AUC,AUC,AUC,AUC,AUC,AUC,"80",NON,,AUC,,, ,O,2021-10-13T13:42:11.000,TVJV,Stephen Fraid 1946-1986,DHP
"612","3285","3307",{8836292B-72A8-4E54-9C6F-39536E715F6C},"0",VOPA_093,ARBRE,ACPL,"1",,,"41",PARC,PUB,AUC,AUC,AUC,AUC,AUC,AUC,CHETR,AUC,AUC,AUC,"40",NON, ,ABSECT,2022,TVERTE, ,O,2021-10-13T13:46:02.000,TVJV,,DHP
"613","3286","3308",{03CC9D2B-23B6-4485-B4F7-CBA7F9D61E32},"0",VOPA_093,ARBRE,ACPL,"1",,,"27",PARC,PUB,AUC,AUC,AUC,AUC,AUC,AUC,CHETR,CARTR,GELTR,AUC,"40",NON, ,ABSECT,2022,TVERTE, ,O,2021-10-13T13:50:57.000,TVJV,,DHP
"614","3287","3309",{75D3C2F2-8297-4C0A-956C-615856BADE83},"0",VOPA_093,ARBRE,ACPL,"1",,,"48",PARC,PUB,AUC,AUC,AUC,AUC,AUC,AUC,CHETR,AUC,AUC,AUC,"30",OUITR, ,ABSECT,90,TVERTE, ,O,2021-10-13T13:59:02.000,TVJV,,DHP
"615","3288","3310",{026ECB31-1323-4240-A378-FA8B88EF22B7},"0",VOPA_093,ARBRE,ACPL,"1",,,"43",PARC,PUB,AUC,AUC,AUC,AUC,AUC,AUC,CHETR,AUC,AUC,AUC,"30",NON, ,ABSECT,2022,TVERTE, ,O,2021-10-13T14:00:43.000,TVJV,,DHP
"616","3289","3311",{EDAFBC4D-8C93-4028-934F-C18C9CF15B83},"0",VOPA_093,ARBRE,ACPL,"1",,,"46",PARC,PUB,AUC,AUC,AUC,AUC,AUC,AUC,CHERAC,AUC,AUC,AUC,"50",NON, ,AUC,,, ,O,2021-10-13T14:05:56.000,TVJV,,DHP
"617","3290","3312",{72098C2C-B5DA-4F5E-B20D-448410C162F7},"0",VOPA_093,ARBRE,TICO,"1",,,"43",PARC,PUB,COMME,AUC,AUC,AIRJEN,AUC,IPETR,AUC,AUC,AUC,AUC,"65",NON, PLAQUE COMMEMORATIVE enlevée ,,,, ,O,2021-10-13T14:11:41.000,TVJV,Donna Costom 19451997,DHP
"618","3291","3313",{D22B973B-7574-4ABF-81B6-127E43193067},"0",VOPA_093,ARBRE,AEGL,"1",,,"44",PARC,PUB,AUC,AUC,AUC,AUC,AUC,AUC,AUC,GELTR,AUC,AUC,"75",NON,,AUC,,,,O,2021-10-13T14:13:39.000,TVJV,,DHP
"619","3292","3314",{372FC0C4-37E9-483B-AB65-4DECB03A79C8},"0",VOPA_093,ARBRE,ROPS,"1",,,"84",PARC,PUB,AUC,AUC,AUC,AUC,AUC,AUC,AUC,CARTR,CVSTR,DEP25,"30",OUIARB, ,ABSECT,90,TVERTE, ,O,2021-10-13T14:21:49.000,TVJV,,DHP
"620","3293","3315",{4B8D4F0B-39CC-47C9-8A71-385DF24AA785},"0",VOPA_093,ARBRE,ROPS,"1",,,"34",PARC,PUB,COMME,AUC,AUC,AUC,AUC,AUC,AUC,AUC,AUC,AUC,"80",NON,,AUC,,, ,O,2021-10-13T14:24:23.000,TVJV,Plaque missing,DHP
"621","3294","3316",{922D4FFE-9DB6-43EF-BB0B-82EC4CA1024B},"0",VOPA_093,ARBRE,AEGL,"1",,,"39",PARC,PUB,AUC,AUC,AUC,AUC,AUC,AUC,AUC,AUC,AUC,AUC,"75",NON, ,AUC,,, ,O,2021-10-13T14:26:27.000,TVJV,,DHP
"622","3295","3317",{81944A3F-B36F-48FC-880F-7D386A990FD2},"0",VOPA_093,ARBRE,AEGL,"1",,,"28",PARC,PUB,COMME,AUC,AUC,AUC,AUC,AUC,AUC,FENTR,CARTR,BLMTR,"65",NON,AJOUTER PLAQUE COMMÃ‰MORATIVE,AUTRE,,,,O,2021-10-13T14:33:17.000,TVJV,Nicholas Hawke Baxter.,DHP
"623","3296","3318",{8C3110B5-DD08-4880-90A7-31AB42FE1395},"0",VOPA_093,ARBRE,AEGL,"1",,,"33",PARC,PUB,COMME,AUC,AUC,AUC,AUC,AUC,AUC,AUC,AUC,AUC,"70",NON,,AUC,,, ,O,2021-10-13T14:34:49.000,TVJV,Gavin Elbourne ,DHP
"624","3297","3319",{8364E01A-965E-4016-BBBA-B542D3DD62B8},"0",VOPA_093,ARBRE,PNSY,"1",,,"30",PARC,PUB,AUC,AUC,AUC,AUC,AUC,AUC,AUC,AUC,AUC,BLMTR,"60",NON, cime clairsemée,AUC,,, ,O,2021-10-12T14:51:48.000,TVJV,,DHP
"625","3298","3320",{BD10BE73-B1D9-4428-8B9B-9E772B086820},"0",VOPA_093,ARBRE,PNSY,"1",,,"26",PARC,PUB,AUC,AUC,AUC,AUC,AUC,AUC,AUC,AUC,AUC,AUC,"0",NON, ,ABDIRE,2022,TVERTE, mort,O,2021-10-12T14:45:17.000,TVJV,,DHP
"626","3299","3321",{F8968470-ADDC-47DB-91BD-CD6072EBFC88},"0",VOPA_093,ARBRE,QUROFA,"1",,,"26",PARC,PUB,AUC,AUC,AUC,AUC,AUC,AUC,AUC,BOMCI,AUC,AUC,"70",NON, ,ELASSA,2024,TVERTE, ,O,2021-10-12T14:42:05.000,TVJV,,DHP
"627","3300","3322",{2D0F80A4-AF30-48C8-83D0-D22970F2928B},"0",VOPA_093,ARBRE,QUROFA,"1",,,"31",PARC,PUB,AUC,AUC,AUC,AUC,AUC,AUC,AUC,CARTR,AUC,DEP50,"40",NON, ,ABSECT,2023,TVERTE, ,O,2021-10-12T14:32:59.000,TVJV,,DHP
"628","3301","3323",{62222383-EAC2-4D60-A0FA-DB0277C6D76C},"0",VOPA_093,ARBRE,QUROFA,"1",,,"9",PARC,PUB,AUC,AUC,AUC,AUC,AUC,AUC,AUC,AUC,AUC,AUC,"0",NON, ,ABDIRE,2022,TVERTE, ,O,2021-10-12T14:29:29.000,TVJV,,DHP
"629","3302","3324",{81F114C2-6A45-4631-9F09-2C95176FE688},"0",VOPA_093,ARBRE,QUROFA,"1",,,"34",PARC,PUB,AUC,AUC,AUC,AUC,AUC,AUC,AUC,AUC,AUC,DEP25,"60",NON, ,AUC,,, ,O,2021-10-12T14:24:56.000,TVJV,,DHS
"630","3304","3326",{B2C10A19-2857-4558-BE5C-07692EC7FA29},"0",VOPA_093,ARBRE,QUROFA,"1",,,"35",PARC,PUB,AUC,AUC,AUC,AUC,AUC,AUC,AUC,AUC,AUC,DEP25,"65",NON, blessures mécaniques au tronc,AUC,,, ,O,2021-10-12T14:13:13.000,TVJV,,DHP
"631","3305","3327",{FE3BFD1B-693B-477B-B6EE-F234A331EE31},"0",VOPA_093,ARBRE,QUROFA,"1",,,"44",PARC,PUB,COMME,AUC,AUC,AUC,AUC,AUC,AUC,CARTR,AUC,DEP50,"40",NON,,ABSECT,2023,TVERTE, ,O,2021-10-12T13:49:19.000,TVJV,Walter ans Vera Freud,DHP
"632","3306","3328",{49813576-2C19-445F-9A86-872699D7B15D},"0",VOPA_093,ARBRE,QUROFA,"1",,,"49",PARC,PUB,AUC,AUC,AUC,AUC,AUC,AUC,AUC,CARTR,AUC,DEP51,"30",NON,,ABSECT,90,TVERTE, ,O,2021-10-12T13:43:02.000,TVJV,,DHS
"633","3308","3330",{FA414198-6665-470E-8F1E-8A845BF4646D},"0",VOPA_093,ARBRE,PSME,"1",,,"33",PARC,PUB,AUC,AUC,AUC,AUC,AUC,AUC,AUC,AUC,AUC,DEP50,"55",NON, ,INSPRE,2024,TVERTE, surveiller déperissement,O,2021-10-12T13:15:08.000,TVJV,,DHP
"634","3309","3331",{803EE391-6158-49B2-B556-FD62898509CB},"0",VOPA_093,ARBRE,ACPL,"1",,,"33",PARC,PUB,AUC,AUC,AUC,AUC,AUC,AUC,AUC,RAETR,AUC,AUC,"75",NON, ,AUC,,, ,O,2021-10-12T16:47:24.000,TVJV,,DHP
"635","3310","3332",{CBD19960-D94E-4454-AB9D-7EA4FC2D59BD},"0",VOPA_093,ARBRE,PNNIAU,"1",,,"53",PARC,PUB,AUC,AUC,AUC,AUC,AUC,AUC,AUC,FAETR,AUC,AUC,"75",NON, ,AUC,,, ,O,2021-10-12T16:49:28.000,TVJV,,DHP
"636","3311","3333",{D7F7D837-D15D-4E2C-B78A-15C1CE52EEE7},"0",VOPA_093,ARBRE,PNNIAU,"1",,,"46",PARC,PUB,AUC,AUC,AUC,AUC,AUC,AUC,AUC,FAETR,AUC,AUC,"80",NON, ,AUC,,, ,O,2021-10-12T16:51:26.000,TVJV,,DHP
"637","3313","3335",{B302B871-2613-4207-8536-316B6150D84D},"0",VOPA_093,ARBRE,QUBI,"1",,,"22",PARC,PUB,AUC,AUC,AUC,AUC,AUC,AUC,AUC,AUC,AUC,AUC,"80",NON, ,AUC,,, ,O,2021-10-12T13:11:38.000,TVJV,,DHP
"638","3314","3336",{B369F560-2034-4BA6-A4B7-6031CFAF772C},"0",VOPA_093,ARBRE,PNNIAU,"1",,,"44",PARC,PUB,AUC,AUC,AUC,AUC,AUC,AUC,AUC,BRXBS,AUC,AUC,"75",NON, ,AUC,,, ,O,2021-10-12T16:53:20.000,TVJV,,DHP
"639","3315","3337",{F751D4A9-555E-4E19-832A-7F257FAB3B72},"0",VOPA_093,ARBRE,PNNIAU,"1",,,"39",PARC,PUB,AUC,AUC,AUC,AUC,AUC,AUC,AUC,BOMCI,AUC,AUC,"70",NON, ,ELASSA,2024,TVERTE, ,O,2021-10-12T16:55:03.000,TVJV,,DHP
"640","3316","3338",{1EEE7041-AAA7-41F7-A835-3CC70EBC3065},"0",VOPA_093,ARBRE,GIBI,"1",,,"16",PARC,PUB,COMME,AUC,AUC,AUC,AUC,AUC,AUC,AUC,AUC,AUC,"90",NON,,AUC,,, ,O,2021-10-12T17:02:14.000,TVJV,Louise 1998 Vibien family,DHP
"641","3317","3339",{0BB0BF73-1158-45C5-911E-FE31115B3F04},"0",VOPA_093,ARBRE,PNNIAU,"1",,,"45",PARC,PUB,AUC,AUC,AUC,AUC,AUC,AUC,AUC,AUC,AUC,AUC,"80",NON, ,AUC,,, ,O,2021-10-12T16:56:36.000,TVJV,,DHP
"642","3318","3340",{14F91CC1-0CD9-46B4-AA57-C6AA52298FE1},"0",VOPA_093,ARBRE,ACPL,"1",,,"72",PARC,PUB,AUC,AUC,AUC,AIRDET,AUC,AUC,AUC,FOFTR,BOMCI,AUC,"70",NON, ,HAFLSS,2022,TVERTE, assainissement aussi (branches surplombantes et bois mort),O,2021-10-12T17:01:09.000,TVJV,,DHP
"643","3322","3344",{F6DC10CD-4345-4061-AD07-954AF9270059},"0",VOPA_093,ARBRE,CTSP,"1",,,"73",PARC,PUB,AUC,AUC,AUC,AUC,AUC,AUC,AUC,FENTR,CARRAC,AUC,"55",NON, ,AUC,,, ,O,2021-10-12T17:11:57.000,TVJV,,DHP
"644","3323","3345",{1E7D0C22-BB39-4A81-A8FF-C0666B4363D2},"0",VOPA_093,ARBRE,AEHI,"6",,,"35,32,30,27,20,18",PARC,PUB,AUC,AUC,AUC,AUC,AUC,AUC,CHITR,FAETR,AUC,AUC,"70",NON, ,AUC,,, ,O,2021-10-12T17:47:46.000,TVJV,,DHP_X
"645","3325","3347",{F5ADD19C-28C3-4388-A4D9-C01388CD07A8},"0",VOPA_093,ARBRE,ROPS,"1",,,"47",PARC,PUB,AUC,AUC,AUC,AUC,AUC,AUC,AUC,BLSBC,FAETR,AUC,"50",NON, ,AUC,,, ,O,2021-10-12T17:42:05.000,TVJV,,DHP
"646","3326","3348",{22C7754A-53FA-4439-9129-664B72262722},"0",VOPA_093,ARBRE,ROPS,"1",,,"35",PARC,PUB,AUC,AUC,AUC,AUC,AUC,AUC,AUC,CARBC,AUC,BLMTR,"55",NON, ,AUC,,, ,O,2021-10-12T17:37:36.000,TVJV,,DHP
"647","3327","3349",{A01E90C3-7166-4888-BC11-24F679AFACD4},"0",VOPA_093,ARBRE,ROPS,"1",,,"30",PARC,PUB,AUC,AUC,AUC,AUC,AUC,AUC,AUC,CARTR,FOFTR,DEP25,"20",NON, ,ABSECT,2022,TVERTE, ,O,2021-10-12T17:23:08.000,TVJV,,DHP
"648","3328","3350",{769E2B4D-4DD5-4B81-BE11-601EAD07F078},"0",VOPA_093,ARBRE,ACPL,"1",,,"20",PARC,PUB,AUC,AUC,AUC,FILD01,AUC,AUC,CHETR,BLSRAC,AUC,AUC,"30",NON,"demande de l'ancien maire d’être abattu chancre, racourcir la souche qui est a coté, abattue un des deux troncs",ABSECT,2023,TVERTE, ,O,2021-10-12T17:16:39.000,TVJV,,DHP
"649","3329","3351",{56BD8D4B-DBE2-4D63-A323-751215FB0327},"0",VOPA_093,ARBRE,ROPS,"1",,,"20",PARC,PUB,AUC,AUC,AUC,AUC,AUC,AUC,AUC,AUC,AUC,AUC,"70",NON, ,AUC,,, ,O,2021-10-12T17:19:05.000,TVJV,,DHP
"650","3331","3353",{4E22B9FB-C928-4973-9D7C-75CA27F2F024},"0",VOPA_093,ARBRE,ROPS,"1",,,"34",PARC,PUB,AUC,AUC,AUC,AUC,AUC,AUC,AUC,CARTR,RAETR,AUTTR,"50",NON, Carie en face supérieure de l'inclinaison du tronc,ABSECT,2022,TVERTE, ,O,2021-10-19T16:45:15.000,TVGSM,,DHP
"651","3333","3355",{989C06E5-E417-4CDC-902D-0679AF31FDF3},"0",VOPA_093,ARBRE,ROPS,"1",,,"40",PARC,PUB,COMME,AUC,AUC,AUC,AUC,AUC,AUC,BLSTR,CARTR,AUC,"40",NON,,ABSECT,2023,TVERTE, ,O,2021-10-12T17:56:07.000,TVJV,"Susan Cannon Cohen 1951-1993. Stone plaque. whole grove is dedicated to her, but only the nearest tree is officially a memorial tree.",DHP
"652","3334","3356",{352CE253-BA89-41E9-9384-33C739B0B59D},"0",VOPA_093,ARBRE,ROPS,"2",,,"25,21",PARC,PUB,AUC,AUC,AUC,AUC,AUC,AUC,AUC,CARTR,INCTR,AUC,"50",NON, ,ELASSA,2022,TVERTE, coupe la tige incliné,O,2021-10-12T17:59:30.000,TVJV,,DHP_X
"653","3335","3357",{16F61275-264B-4950-8CE1-397927408992},"0",VOPA_093,ARBRE,ROPS,"1",,,"28",PARC,PUB,AUC,AUC,AUC,AUC,AUC,AUC,AUC,CARTR,TECCI,AUC,"30",NON, ,ABSECT,2023,TVERTE, ,O,2021-10-12T18:02:08.000,TVJV,,DHP
"654","3336","3358",{4AD8FC55-F805-4F20-8E73-625B7D23E5BD},"0",VOPA_093,ARBRE,ROPS,"1",,,"22",PARC,PUB,AUC,AUC,AUC,AUC,AUC,AUC,AUC,AUC,AUC,BLMTR,"70",NON, ,AUC,,, ,O,2021-10-12T18:03:32.000,TVJV,,DHP
"655","3337","3359",{000CC25E-D20C-4D84-8944-6CE39BA16ED9},"0",VOPA_093,ARBRE,ACNE,"1",,,"59",PARC,PUB,AUC,AUC,AUC,BATIM,AUC,AUC,CPOTR,CVSTR,CARTR,AUC,"50",NON, ,INSPRE,2023,TVERTE, carie (Polyporus squamosus) au collet racinaire important à suivre,O,2021-10-12T18:09:12.000,TVJV,,DHP
"656","3338","3360",{08B4C356-ED19-4B0B-A4CB-CF2E18920E33},"0",VOPA_093,ARBRE,ACSA,"5",,,"50,46,40,36,16",PARC,PUB,AUC,AUC,AUC,AUC,AUC,AUC,AUC,FOFTR,CARTR,AUC,"65",NON, ,HAFLSS,2023,TVERTE, haubanage en X,O,2021-10-12T18:14:54.000,TVJV,,DHP_X
"657","3339","3361",{77F2A4A5-29EC-45A2-8600-A3120083C382},"0",VOPA_093,ARBRE,FRPE,"1",,,"18",PARC,PUB,AUC,AUC,AUC,AUC,AUC,AUC,AUC,AUC,AUC,AUC,"90",NON, ,AUC,,, ,O,2021-10-12T18:16:41.000,TVJV,,DHP
"658","3341","3363",{B97518EB-F9EB-4192-A2BF-259050A4312B},"0",VOPA_093,ARBRE,GIBI,"1",,,"51",PARC,PUB,AUC,AUC,AUC,AUC,AUC,AUC,AUC,FAETR,BRXBS,AUC,"75",NON, ,ELASSA,2024,TVERTE, branches croisés à retirer,O,2021-10-12T18:26:41.000,TVJV,,DHP
"659","3342","3364",{2C33AA52-088F-4585-9269-4F6D820B701A},"0",VOPA_093,ARBRE,TICO,"1",,,"59",PARC,PUB,AUC,AUC,AUC,AUC,AUC,AUC,AUC,BLLBS,FAETR,AUC,"70",NON, branches surplombantes aux branches secondaires,AUC,,, ,O,2021-10-12T18:23:41.000,TVJV,,DHP
"660","3345","3367",{05F0A894-E5AA-4887-96DB-59479C7F3314},"0",VOPA_093,ARBRE,PIPU,"1",,,"63",PARC,PUB,AUC,AUC,AUC,AUC,AUC,AUC,AUC,AUC,AUC,DEP25,"70",NON, ,AUC,,, ,O,2021-10-12T15:31:47.000,TVJV,,DHP
"661","3346","3368",{E25EC117-8237-4E91-87DD-EF7E22C7DFF1},"0",VOPA_093,ARBRE,ACSC,"1",,,"99",PARC,PUB,INTAGE,AUC,AUC,AUC,AUC,AUC,AUC,AUC,AUC,AUC,"70",NON, ,ELASSA,90,WESTHA, ,N,,,,DHP
"662","3347","3369",{4FA0455E-7788-4533-8D75-A237A3C331E4},"0",VOPA_093,ARBRE,ACSC,"1",,,"66",PARC,PUB,AUC,AUC,AUC,AUC,AUC,AUC,AUC,CVLTR,AUC,AUC,"70",NON, ,,,, ,O,2021-10-12T14:58:11.000,TVJV,,DHP
"663","3348","3370",{B2307607-F918-479F-92BB-B42C04FDE906},"0",VOPA_093,ARBRE,ACSC,"1",,,"112",PARC,PUB,AUC,AUC,AUC,AUC,AUC,AUC,CINTR,CARTR,FOFTR,AUC,"35",NON," blessures d'elagage récentes, carie au collet important",ABSECT,2022,TVERTE,,O,2021-10-12T15:10:27.000,TVJV,,DHP
"664","3349","3371",{4A7B4D8E-5350-4607-BE82-0DFC93835935},"0",VOPA_093,ARBRE,ACSC,"1",,,"63",PARC,PUB,AUC,AUC,AUC,AUC,AUC,AUC,AUC,RAETR,AUC,AUC,"75",NON, ,AUC,,, ,O,2021-10-12T15:12:50.000,TVJV,,DHP
"665","3350","3372",{D7916BAF-5397-4185-A94A-1DF61E92196F},"0",VOPA_093,ARBRE,ACSC,"1",,,"76",PARC,PUB,AUC,AUC,AUC,AUC,AUC,AUC,CPOBS,FAETR,AUC,AUC,"65",NON, ,HAFLSD,2023,TVERTE, ,O,2021-10-12T15:15:48.000,TVJV,,DHP
"666","3351","3373",{408A39AE-E96D-4CC1-9B7A-6EB0564E90FF},"0",VOPA_093,ARBRE,ACSC,"1",,,"48",PARC,PUB,AUC,AUC,AUC,AUC,AUC,AUC,AUC,AUC,AUC,AUC,"80",NON, ,AUC,,, ,O,2021-10-12T15:17:24.000,TVJV,,DHP
"667","3352","3374",{0B5562EA-F445-401C-8085-ED724C3AACA2},"0",VOPA_093,ARBRE,ACSC,"1",,,"94",PARC,PUB,INTAGE,AUC,AUC,AUC,AUC,AUC,AUC,AUC,AUC,AUC,"80",NON, ,AUC,,, ,O,2021-10-12T15:19:06.000,TVJV,,DHP
"668","3353","3375",{472427A3-C184-4585-B13E-E7CB829E2AF2},"0",VOPA_093,ARBRE,PIPU,"1",,,"52",PARC,PUB,AUC,AUC,AUC,AUC,AUC,AUC,AUC,AUC,AUC,DEP25,"65",NON, ,AUC,,, ,O,2021-10-12T15:30:05.000,TVJV,,DHP
"669","3354","3376",{E17E1529-3FF0-40D9-AC56-12138B7C2096},"0",VOPA_093,ARBRE,PIPUGL,"1",,,"57",PARC,PUB,AUC,AUC,AUC,AUC,AUC,AUC,AUC,AUC,AUC,DEP25,"70",NON, ,AUC,,, ,O,2021-10-12T15:28:33.000,TVJV,,DHP
"670","3355","3377",{D54CA634-98FE-40B8-BA9D-A772BBC9CC08},"0",VOPA_093,ARBRE,ROPS,"1",,,"42",PARC,PUB,AUC,AUC,AUC,AUC,AUC,AUC,AUC,CARTR,BOMCI,AUC,"50",NON, ,ABSECT,2022,TVERTE, carie au tronc et collet côté O,O,2021-10-12T15:25:39.000,TVJV,,DHP
"671","3356","3378",{33DDA673-BB00-47D0-AF42-CF3CF56E88AF},"0",VOPA_093,ARBRE,ROPS,"1",,,"22",PARC,PUB,AUC,AUC,AUC,AUC,AUC,AUC,AUC,AUC,AUC,AUC,"80",NON, ,AUC,,, ,O,2021-10-12T15:26:00.000,TVJV,,DHP
"672","3361","3383",{CED81ECA-D33C-4D0D-93E0-EC8F7E6564FC},"0",VOPA_093,ARBRE,ROPS,"2",,,"46,42",PARC,PUB,AUC,AUC,AUC,AUC,AUC,AUC,CPOBS,BOMCI,FAETR,AUC,"60",NON, ,ELASSA,2023,TVERTE, retirer bois mort et br secondaire côté NO,O,2021-10-12T18:34:45.000,TVJV,,DHP_X
"673","3362","3384",{2B32C032-A02E-4B12-9371-0BA2ADC97119},"0",VOPA_093,ARBRE,ROPS,"1",,,"66",PARC,PUB,AUC,AUC,AUC,AUC,AUC,AUC,AUC,CARTR,BOMCI,REJCI,"40",NON, ,ABSECT,2023,TVERTE, ,O,2021-10-12T18:43:21.000,TVJV,,DHP
"674","3363","3385",{62C78F06-AE86-4C81-BAE4-F0D9CD56AEA6},"0",VOPA_093,ARBRE,ACPL,"1",,,"33",PARC,PUB,COMME,AUC,AUC,AIRJEU,AUC,AUC,AUC,FAETR,FAEBC,AUC,"75",NON,,ELCOMP,2023,TVERTE,dégagement et allègement,O,2021-10-12T13:37:11.000,TVJV,Sirvart 2000,DHP
"675","3364","3386",{7E669ECC-E500-482B-AF7B-540E58525796},"0",VOPA_093,ARBRE,QUROFA,"1",,,"35",PARC,PUB,AUC,AUC,AUC,AUC,AUC,AUC,AUC,CARTR,AUC,DEP25,"50",NON, ,ABSECT,2023,TVERTE, ,O,2021-10-12T13:21:11.000,TVJV,,DHS
"676","3366","3388",{BFFB2CFA-40A3-4887-9C3E-137F92BBF697},"0",VOPA_093,ARBRE,AEGL,"1",,,"45",PARC,PUB,COMME,AUC,AUC,AUC,AUC,AUC,AUC,FAETR,AUC,AUC,"70",NON,,HAFLSD,2023,TVERTE, ,O,2021-10-12T13:27:57.000,TVJV,Jack Palevsky 1925-2001,DHS
"677","3367","3389",{1BE70FF2-FDD3-4711-9F72-B6E7B0B59FB1},"0",VOPA_093,ARBRE,ACPL,"1",,,"43",PARC,PUB,AUC,AUC,AUC,AUC,AUC,AUC,CHETR,FENTR,AUC,DEP25,"55",NON, ,INSPRE,2024,TVERTE, surveiller déperissement,O,2021-10-12T13:24:00.000,TVJV,,DHP
"678","3368","3390",{98F23D66-C750-4E6A-822A-A52F18CE066A},"0",VOPA_093,ARBRE,OSVI,"1",,,"18",PARC,PUB,AUC,AUC,AUC,AUC,AUC,AUC,AUC,AUC,AUC,DEP25,"65",NON, ,ELASSA,2023,TVERTE, ,O,2021-10-12T13:29:01.000,TVJV,,DHP
"679","3369","3391",{A5337E60-7C96-46EA-A1E2-5BC340BEFD7E},"0",VOPA_093,ARBRE,ACRU,"1",,,"36",PARC,PUB,AUC,AUC,AUC,FILDEN,AUC,AUC,AUC,AUC,AUC,AUC,"75",NON, ,AUC,,, ,O,2021-10-12T12:48:49.000,TVJV,,DHP
"680","3370","3392",{76B1F4C9-CCB4-47DC-831E-D3708BFF8271},"0",VOPA_093,ARBRE,TIAM,"1",,,"44",PARC,PUB,AUC,AUC,AUC,FILDEN,AUC,AUC,CHNTR,AUC,AUC,AUC,"60",NON, ,AUC,,, ,O,2021-10-12T12:51:09.000,TVJV,,DHP
"681","3372","3394",{507F3595-86B3-49AF-BBF0-C6237B8EA8D9},"0",VOPA_093,ARBRE,OSVI,"1",,,"50",PARC,PUB,AUC,AUC,AUC,AUC,AUC,AUC,AUC,BLLTR,AUC,BLMTR,"65",NON, ,AUC,,, ,O,2021-10-12T12:46:51.000,TVJV,,DHP
"682","3373","3395",{C8A34003-77F1-469E-936A-E68E58ED5FD8},"0",VOPA_093,ARBRE,OSVI,"1",,,"20",PARC,PUB,AUC,AUC,AUC,AUC,AUC,AUC,AUC,FENTR,AUC,BLMTR,"70",NON, ,AUC,,, ,O,2021-10-12T12:44:01.000,TVJV,,DHP
"683","3374","3396",{5FE18BD0-367E-469D-AC0A-FDF28560DABA},"0",VOPA_093,ARBRE,ACPL,"1",,,"30",PARC,PUB,AUC,AUC,AUC,CLOT,FILDEN,AUC,AUC,CARTR,AUC,AUC,"50",NON,Clôture encastré,ABSEHQ,2024,TVERTE, ,O,2021-10-12T12:42:38.000,TVJV,,DHP
"684","3375","3397",{03001535-3300-4FE5-B553-F73726E7C6EF},"0",VOPA_093,ARBRE,ACPL,"1",,,"23",PARC,PUB,AUC,AUC,AUC,FILDEN,BATACC,AUC,AUC,AUC,AUC,AUC,"60",NON,,ABSEHQ,2024,TVERTE, ,O,2021-10-12T12:38:24.000,TVJV,,DHP
"685","3376","3398",{2BDD4B71-051E-4FF1-AE96-C24866509D62},"0",VOPA_093,ARBRE,ACSA,"2",,,"103",PARC,PUB,AUC,AUC,AUC,AUC,AUC,AUC,AUC,FOFTR,CVSBC,REJCI,"50",NON, ,HAFLSS,2022,TVERTE,"haubanage pour fourche primaire et assainissement. branche primaire côté SO à vérifier en hauteur car présence d'un cavité côté inférieur à la base, si besoin de retirer élagage réseau nécessaire ",O,2021-10-12T12:35:15.000,TVJV,,DHS
"686","3377","3399",{8572CB50-122A-406A-A993-200FCFE8D9E3},"0",VOPA_093,ARBRE,ACSA,"1",,,"130",PARC,PUB,AUC,HAUSS2,AUC,AUC,AUC,AUC,AUC,FOFTR,CHICI,AUC,"50",OUIFC,,HAFLSS,90,TVERTE, fourche secondaire ouverte déjà sécurisé mais fourche primaire faible. assainissement chicot de branche en cime et branche parterre à ramasser,O,2021-10-12T11:59:05.000,TVJV,,DHP
"687","3378","3400",{FABB5639-CBC4-49F0-BFE4-36C2463147BC},"0",VOPA_093,ARBRE,ACPL,"1",,,"37",PARC,PUB,AUC,AUC,AUC,FILDEN,AUC,AUC,CHETR,AUC,AUC,AUC,"50",NON, ,ABSEHQ,2024,TVERTE, ,O,2021-10-12T12:12:15.000,TVJV,,DHP
"688","3379","3401",{CCD28F82-F2F7-4D84-8B1E-70F6F26E1B3E},"0",VOPA_093,ARBRE,ACPL,"1",,,"26",PARC,PUB,AUC,AUC,AUC,FILDEN,AUC,AUC,AUC,CARBC,AUC,REJCI,"30",NON, ,ABSEHQ,2024,TVERTE, ,O,2021-10-12T12:15:41.000,TVJV,,DHP
"689","3383","3405",{F2FAC125-1D55-40F8-A0A7-5BEE385912BF},"0",VOPA_093,ARBRE,ACPL,"1",,,"42",PARC,PUB,AUC,AUC,AUC,FILDEN,AUC,AUC,AUC,BLLTR,AUC,AUC,"70",NON, ,AUC,,, ,O,2021-10-08T20:16:37.000,TVJV,,DHP
"690","3384","3406",{AA75461B-D721-4063-9D8B-62B0E3C3F29C},"0",VOPA_093,ARBRE,ACPL,"2",,,"41",PARC,PUB,AUC,AUC,AUC,AUC,AUC,AUC,CHEBS,HOUCI,AUC,AUC,"30",NON,,ABSEHQ,2022,TVERTE,,O,2021-10-08T19:52:08.000,TVJV,,DHP
"691","3385","3407",{E8CE5402-FD41-4514-8C8D-C38DD261A158},"0",VOPA_093,ARBRE,ACPL,"2",,,"18,16",PARC,PUB,AUC,AUC,AUC,FILDEN,AUC,AUC,CHETR,CARTR,HOUCI,AUC,"45",NON, ,ABSEHQ,2024,TVERTE, ,O,2021-10-08T19:46:05.000,TVJV,,DHP_X
"692","3386","3408",{CCA67124-7FF4-4FDF-B1C1-EEA9071421F1},"0",VOPA_093,ARBRE,,"2",,,"12,12",PARC,PUB,AUC,AUC,AUC,FILCOM,AUC,AUC,AUC,CARTR,AUC,REJCI,"20",NON, Rhamnus cathartica (espèce envahissante),ABDIRE,2024,TVERTE, ,O,2021-10-08T19:23:38.000,TVJV,,DHP_X
"693","3387","3409",{9F9A7F7D-D308-4780-B20D-B8CE5ED8EEF7},"0",VOPA_093,ARBRE,,"4",,,"15,15,14,11",PARC,PUB,AUC,AUC,AUC,FILCOM,AUC,AUC,AUC,CARTR,CHIBC,REJCI,"20",NON, ,ABSECT,2024,TVERTE, ,O,2021-10-08T19:20:12.000,TVJV,,DHP_X
"694","3388","3410",{D8855B4B-966F-4C66-BFC9-1E85A4F91EAC},"0",VOPA_093,ARBRE,,"3",,,"23 16,9",PARC,PUB,AUC,AUC,AUC,FILCOM,AUC,AUC,AUC,CARBC,AUC,REJCI,"30",NON, Rhamnus cathartica (espèce envahissante),ABSECT,2024,TVERTE, ,O,2021-10-08T19:16:14.000,TVJV,,DHP_X
"695","3389","3411",{A92FA29E-D122-45F6-A981-C4F6FAE7153C},"0",VOPA_093,ARBRE,ACPL,"1",,,"93",PARC,PUB,AUC,AUC,AUC,FILDEN,AUC,AUC,CHETR,FOFTR,CVSBC,AUC,"45",OUIFC, ,ABSEHQ,90,TVERTE, arbre malsitué avec défauts structuraux importants (fourche primaire/tertiaire et cavités),O,2021-10-08T19:04:09.000,TVJV,,DHP
"696","3391","3413",{C3FCC632-E3B0-4BAE-93C4-E44BC8D62228},"0",VOPA_093,ARBRE,ACPL,"4",,,"23 22 18,13",PARC,PUB,AUC,AUC,AUC,FILDEN,AUC,AUC,AUC,FAETR,AUC,AUC,"70",NON, ,AUC,,, ,O,2021-10-08T18:17:05.000,TVJV,,DHP_X
"697","3392","3414",{DDEF7364-1963-44C0-AAE7-B0FABC8EAE3B},"0",VOPA_093,ARBRE,,"1",,,"32",PARC,PUB,AUC,AUC,AUC,FILD01,AUC,AUC,AUC,CARTR,AUC,REJCI,"30",NON, Rhamnus cathartica (espèce envahissante),ABSEHQ,2023,TVERTE,,O,2021-10-08T18:20:44.000,TVJV,,DHP
"698","3394","3417",{5586BE25-7A4E-4421-B79F-133BE9D2B5F5},"0",VOPA_093,ARBRE,,"3",,,"21,19,18",PARC,PUB,AUC,AUC,AUC,HAUHQ,AUC,AUC,AUC,AUC,AUC,AUC,"60",NON, Rhamnus cathartica (espèce envahissante),AUC,,, ,O,2021-10-08T18:14:08.000,TVJV,,DHP_X
"699","3395","3418",{B280256D-252D-4A17-BFD1-AA61F3734CB5},"0",VOPA_093,ARBRE,GIBI,"1",,,"47",PARC,PUB,AUC,AUC,AUC,AUC,AUC,AUC,AUC,AUC,AUC,BLMTR,"75",NON, ,AUC,,, ,O,2021-10-08T18:10:32.000,TVJV,,DHP
"700","3396","3419",{210B3E19-DF75-4C5D-A043-D549C9D0918B},"0",VOPA_093,ARBRE,PHAM,"1",,,"33",PARC,PUB,AUC,AUC,AUC,AUC,AUC,AUC,AUC,BOMCI,AUC,AUC,"70",NON, ,ELASSA,2024,TVERTE, ,O,2021-10-08T18:07:00.000,TVJV,,DHP
"701","3397","3420",{06E7E879-0EC3-48E7-8699-FEF1F07746E7},"0",VOPA_093,ARBRE,ELAN,"1",,,"19",PARC,PUB,AUC,AUC,AUC,AUC,AUC,AUC,AUC,BLLBC,BOMCI,BRATR,"45",NON, ,ABDIRE,2024,TVERTE, ,O,2021-10-08T18:03:12.000,TVJV,,DHP
"702","3399","3422",{53DB1EF7-0C7C-4691-8D88-A37F2D63E598},"0",VOPA_093,ARBRE,PHAM,"1",,,"32",PARC,PUB,AUC,HAUAR1,AUC,AUC,AUC,AUC,AUC,FOFTR,BLLBC,AUC,"60",NON, ,AUC,,, ,O,2021-10-08T18:01:46.000,TVJV,,DHP
"703","3401","3424",{8E164710-A2A4-40C3-BE44-B3C926BE6038},"0",VOPA_093,ARBRE,GLTRIN,"1",,,"55",PARC,PUB,AUC,AUC,AUC,AUC,AUC,AUC,AUC,FOFTR,FOFBC,AUC,"55",NON,couronne asymétrique,HAFLSS,2022,TVERTE, haubanage polygonale et allègement des branches surplombantes parterre,O,2021-10-08T18:39:03.000,TVJV,,DHP
"704","3402","3425",{306E9941-783B-4CC9-8D0E-C0A5162D3018},"0",VOPA_093,ARBRE,ACPL,"1",,,"62",PARC,PUB,AUC,AUC,AUC,AUC,AUC,AUC,AUC,CARBC,FOFTR,AUC,"50",OUIFC, ,HAFLSS,2022,TVERTE," haubanage en V vers br primaire E, retirer br secondaire centrale aussi",N,2021-10-08T18:31:25.000,TVJV,,DHP
"705","3403","3426",{66B6C1E5-9A1C-4C08-8B23-D18C4228C26C},"0",VOPA_093,ARBRE,ACPL,"1",,,"53",PARC,PUB,AUC,AUC,AUC,AUC,AUC,AUC,AUC,BOMCI,FAECI,AUC,"70",NON, ,ELASSA,2024,TVERTE, ,O,2021-10-08T18:25:00.000,TVJV,,DHP
"706","3404","3427",{6ED20DD3-C6FA-43E8-B625-DF5A0DB196B8},"0",VOPA_093,ARBRE,TICO,"1",,,"53",PARC,PUB,AUC,AUC,AUC,AUC,AUC,IPETR,AUC,FOOTR,CARRAC,AUC,"25",OUIARB, ,ABSECT,90,TVERTE, ,O,2021-10-08T18:49:22.000,TVJV,,DHP
"707","3405","3428",{276F4C2A-7ABC-44AC-92D2-6919D16C6414},"0",VOPA_093,ARBRE,ACRU,"1",,,"28",PARC,PUB,COMME,AUC,AUC,AUC,AUC,AUC,AUC,AUC,AUC,AUC,"75",NON,,AUTRE,2024,TVERTE," plaque commémorative à ajouter, l'autre est encastré au tronc.",O,2021-10-08T18:52:11.000,TVJV,Susan Cohen Mermelstein 19501997,DHP
"708","3406","3429",{D150D285-1E81-4717-90C5-FB76CE5164B6},"0",VOPA_093,ARBRE,QURO,"3",,,"32,31,26",PARC,PUB,AUC,AUC,AUC,AUC,AUC,AUC,AUC,FOFTR,AUC,AUC,"70",NON, ,HAFLSS,2022,TVERTE, haubanage triangulaire,O,2021-10-08T19:29:53.000,TVJV,,DHP_X
"709","3407","3430",{6112B1A0-7B9A-489E-B685-FC3C919447CA},"0",VOPA_093,ARBRE,GIBI,"1",,,"45",PARC,PUB,AUC,AUC,AUC,AUC,AUC,AUC,AUC,AUC,AUC,AUC,"80",NON, ,AUC,,, ,O,2021-10-08T19:40:19.000,TVJV,,DHP
"710","3408","3431",{39AEA138-2CAF-43FA-8A51-4F77BBE8B480},"0",VOPA_093,ARBRE,GIBI,"1",,,"53",PARC,PUB,AUC,AUC,AUC,AUC,AUC,AUC,AUC,AUC,AUC,AUC,"85",NON, ,AUC,,, ,O,2021-10-08T20:19:39.000,TVJV,,DHP
"711","3409","3432",{78357783-3D57-429D-9183-D97743D8EE25},"0",VOPA_093,ARBRE,QURU,"1",,,"46",PARC,PUB,AUC,AUC,AUC,AUC,AUC,AUC,AUC,FAETR,AUC,AUC,"75",NON, ,HAFLSD,2023,TVERTE, ,O,2021-10-08T20:22:57.000,TVJV,,DHP
"712","3410","3433",{20AB61E0-0B6D-4CE1-A343-E231D398E45E},"0",VOPA_093,ARBRE,ACPL,"1",,,"11",PARC,PUB,AUC,AUC,AUC,AUC,AUC,AUC,AUC,AUC,AUC,AUC,"80",NON, ,AUC,,, ,O,2021-10-08T19:34:24.000,TVJV,,DHP
"713","3411","3434",{C62FE212-E84A-43FC-8DC2-CD6163D34B1F},"0",VOPA_093,ARBRE,ACPL,"1",,,"28",PARC,PUB,AUC,AUC,AUC,AUC,AUC,AUC,AUC,AUC,AUC,AUC,"75",NON, ,AUC,,, ,O,2021-10-08T19:32:40.000,TVJV,,DHP
"714","3412","3435",{3C9ED788-ED26-458E-85B8-1D7B6F256E16},"0",VOPA_093,ARBRE,ACPL,"1",,,"22",PARC,PUB,AUC,AUC,AUC,AUC,AUC,AUC,AUC,BRXCI,AUC,AUC,"80",NON, ,AUC,,, ,O,2021-10-08T19:35:36.000,TVJV,,DHP
"715","3413","3436",{21D8272C-A533-40A1-9E14-85F30627AF01},"0",VOPA_093,ARBRE,ACPL,"1",,,"14",PARC,PUB,AUC,AUC,AUC,CLOT,AUC,AUC,AUC,AUC,AUC,AUC,"60",NON, ,ABSECT,2024,TVERTE, ,O,2021-10-08T20:25:47.000,TVJV,,DHP
"716","3414","3437",{EDB5076E-6F89-472D-A4E4-FABEA9D6C7D1},"0",VOPA_093,ARBRE,TIAM,"1",,,"36",PARC,PUB,AUC,AUC,AUC,CLOT,AUC,AUC,AUC,AUC,AUC,AUC,"80",NON, ,AUTRE,2023,TVERTE,"essence noble, retirer une partie de la clôture",O,2021-10-08T19:37:46.000,TVJV,,DHP
"717","3415","3438",{93360EFA-BFE4-4B56-AAE1-57DD199F6E07},"0",VOPA_093,ARBRE,QURU,"1",,,"89",PARC,PUB,INTHIS,AUC,AUC,AUC,AUC,AUC,AUC,CHIBS,FOFTR,AUC,"60",NON,,HAFLSS,2022,TVERTE," hauban verticale pour br primaire côté O et hauban pour deux têtes codominantes, élagage assainissement aussi",O,2021-10-08T20:37:11.000,TVJV,Planted in 1937 by mayor and city council to celebrate coronation of George VI,DHP
"718","3418","3441",{5997679C-AA44-413B-BA0E-7C720D802E4C},"0",VOPA_093,ARBRE,QURU,"1",,,"95",PARC,PUB,INTHIS,AUC,AUC,AUC,AUC,AUC,CPOTR,CVSTR,FAEBC,AUC,"40",OUIARB,,ABSECT,90,TVERTE, ,O,2021-09-24T19:30:00.000,TVJV,Planted in 1937 by mayor and city council to celebrate coronation of George VI,DHP
"719","3419","3442",{C30320AC-183F-401C-8DDA-DBE4CF33B083},"0",VOPA_093,ARBRE,QURU,"1",,,"98",PARC,PUB,INTHIS,AUC,AUC,AUC,AUC,AUC,AUC,CHIBS,FAETR,AUC,"65",NON,"Major limb rupture 7/2017, Historical significance: ",ELASSA,2023,TVERTE, haubanage synthétique dynamique à considérer en long terme,O,2021-10-08T20:56:39.000,TVJV,Planted in 1937 by mayor and city council to celebrate coronation of George VI,DHP
"720","3420","3443",{850BE3D0-8046-4FA3-A18A-0F2116D6200D},"0",VOPA_093,ARBRE,QURU,"1",,,"85",PARC,PUB,INTHIS,AUC,AUC,LAMPFO,AUC,AUC,AUC,CHIBS,AUC,AUC,"70",NON,,ELCOMP,2023,TVERTE,assainissement et dégagement lampadaire,O,2021-10-08T20:48:53.000,TVJV,Planted in 1937 by mayor and city council to celebrate coronation of George VI,DHP
"721","3421","3444",{31035841-6A68-40F5-8466-D3BB35F3CD0E},"0",VOPA_093,ARBRE,QURU,"1",,,"84",PARC,PUB,INTHIS,AUC,AUC,AUC,AUC,AUC,AUC,CHIBS,AUC,AUC,"70",NON,,ELASSA,2023,TVERTE, ,O,2021-10-08T20:51:54.000,TVJV,Planted in 1937 by mayor and city council to celebrate coronation of George VI,DHP
"722","3422","3445",{10953D3B-8FD4-401B-AD13-80F14A4306BC},"0",VOPA_093,ARBRE,ACPL,"1",,,"57",PARC,PUB,AUC,AUC,AUC,CLOT,AUC,AUC,AUC,FOFTR,AUC,AUC,"70",NON, ,HAFLSS,2022,TVERTE, ,O,2021-10-08T21:05:07.000,TVJV,,DHP
"723","3423","3446",{42682F92-7453-490E-9207-6298E771377C},"0",VOPA_093,ARBRE,ACPL,"1",,,"54",PARC,PUB,AUC,AUC,AUC,CLOT,AUC,AUC,CHETR,FAETR,AUC,AUC,"55",NON, ,AUC,,, ,O,2021-10-08T21:03:12.000,TVJV,,DHP
"724","3424","3447",{6A22E1CC-DB6F-4938-8DAB-6AB8D31A20A2},"0",VOPA_093,ARBRE,TIAM,"1",,,"64",PARC,PUB,AUC,AUC,AUC,AIRJEU,AUC,AUC,CHNBC,FOFTR,CVSTR,REJCI,"40",NON, branche tertiaire cassé dans cime ,ABSECT,2023,TVERTE, chancres importants sur l'arbre entier,O,2021-10-12T11:46:59.000,TVJV,,DHP
"725","3426","3449",{E5D2189D-2DAF-4DE8-B7B8-8817C8821A01},"0",VOPA_093,ARBRE,ACPL,"1",,,"32",PARC,PUB,AUC,AUC,AUC,AIRJEU,AUC,AUC,AUC,AUC,AUC,AUC,"80",NON, ,ELDEGA,2024,TVERTE, ,O,2021-10-12T16:17:56.000,TVJV,,DHP
"726","3427","3450",{E3DA77DC-A7C8-4EFD-8FEF-D859D1647624},"0",VOPA_093,ARBRE,QUROFA,"1",,,"45",PARC,PUB,AUC,AUC,AUC,AUC,AUC,AUC,AUC,CARTR,AUC,DEP50,"40",NON, ,ABSECT,2023,TVERTE, ,O,2021-10-12T14:28:09.000,TVJV,,DHS
"727","3428","3451",{02FB37D9-C124-4C48-9B56-CD552FE1BF58},"0",VOPA_093,ARBRE,QUROFA,"1",,,"45",PARC,PUB,AUC,AUC,AUC,AUC,AUC,AUC,NECBS,FOFTR,CARTR,AUC,"50",NON, ,ABSECT,2024,TVERTE, ,O,2021-10-12T14:22:50.000,TVJV,,DHS
"728","3429","3452",{BF8499C3-8CF6-4E86-AA7E-52521F8321C4},"0",VOPA_093,ARBRE,QURU,"1",,,"26",PARC,PUB,COMME,AUC,AUC,AUC,AUC,AUC,AUC,AUC,AUC,AUC,"85",NON, ,AUC,,, ,O,2021-10-12T14:09:23.000,TVJV,Arnold Schrier 1923-2004,DHP
"729","3430","3453",{32BCB723-361A-42E1-9337-CE99E2D7E5E2},"0",VOPA_093,ARBRE,ACPL,"1",,,"37",PARC,PUB,AUC,AUC,AUC,AUC,AUC,AUC,AUC,CARTR,FOFTR,DEP50,"40",NON,,ABSECT,2023,TVERTE, ,O,2021-10-12T14:06:16.000,TVJV,,DHP
"730","3431","3454",{B0A0F615-E32A-4A7B-988D-02C286063710},"0",VOPA_093,ARBRE,CTSP,"1",,,"40",PARC,PUB,AUC,AUC,AUC,AIRJEU,AUC,AUC,AUC,AUC,AUC,AUC,"70",NON, ,ELDEGA,2023,TVERTE, vieux plaque commémorative encastré au tronc à remplacer,O,2021-10-12T14:02:57.000,TVJV,,DHP
"731","3432","3455",{EFF3BF06-DA72-4BF4-8519-1E94024AE451},"0",VOPA_093,ARBRE,ACSA,"1",,,"96.000000",PARC,PUB,AUC,AUC,AUC,AIRJEU,AUC,AUC,AUC,FOFTR,BRCCI,REJCI,"40",NON, cavités et blessures sévères aux branches charpentières,ABSECT,2022,TVERTE,,O,2021-10-12T13:58:59.000,TVJV,,DHS
"732","3433","3456",{9F38AE63-41D4-47AC-8EB4-15A6A9A169E5},"0",VOPA_093,ARBRE,ACPL,"1",,,"29",PARC,PUB,COMME,AUC,AUC,AUC,AUC,AUC,AUC,AUC,AUC,AUC,"70",NON,,AUC,,, ,O,2021-10-12T16:25:27.000,TVJV,Muffin 19831994,DHP
"733","3434","3457",{C3BB4A4F-44E5-403C-B06E-701260D11DB3},"0",VOPA_093,ARBRE,ACSA,"1",,,"83",PARC,PUB,AUC,AUC,AUC,AIRJEU,AUC,AUC,AUC,FOOTR,FAETR,AUC,"55",OUIFC, bois mort aux branches centrales et cavité sévère br secondaire côté O,HAFLSS,90,TVERTE," haubanage polygonale et assainissement/allègement, risque vers le parc aux chiens",O,2021-10-12T16:30:22.000,TVJV,,DHP
"734","3435","3458",{B83DAA20-16DC-4EEE-A6BD-8704BAE29AC2},"0",VOPA_093,ARBRE,ACPL,"1",,,"38",PARC,PUB,AUC,AUC,AUC,AUC,AUC,AUC,AUC,FAETR,RAETR,AUC,"70",NON, ,ELALLE,2023,TVERTE, allègement fourche primaire réduisant des branches surplombantes,O,2021-10-14T16:53:46.000,TVJV,,DHP
"735","3436","3459",{559D695F-1225-4E24-A5C8-6B3BE88A42C9},"0",VOPA_093,ARBRE,AEGL,"1",,,"26",PARC,PUB,AUC,AUC,AUC,AUC,AUC,AUC,AUC,AUC,AUC,AUC,"80",NON, ,AUC,,, ,O,2021-10-14T16:55:45.000,TVJV,,DHP
"736","3437","3460",{E279FD0B-E0CE-4DAC-B3D7-98DE050FA616},"0",VOPA_093,ARBRE,ACPL,"1",,,"35",PARC,PUB,AUC,AUC,AUC,AIRJEU,AUC,AUC,AUC,TEMCI,FAETR,AUC,"60",NON, ,ELCOMP,2024,TVERTE, assainissement et dégagement parc aux chiens,O,2021-10-14T17:00:03.000,TVJV,,DHP
"737","3438","3461",{485E4111-EBAA-4F5F-95E5-7F7DE03405FE},"0",VOPA_093,ARBRE,ACPL,"1",,,"42",PARC,PUB,AUC,AUC,AUC,AUC,AUC,AUC,AUC,RAETR,CVSTR,AUC,"60",NON, ,AUC,,, ,O,2021-10-14T17:02:33.000,TVJV,,DHP
"738","3439","3462",{49D3D621-3ECE-4505-8B5C-7FD7FAE3913A},"0",VOPA_093,ARBRE,ACPL,"1",,,"50",PARC,PUB,AUC,AUC,AUC,AUC,AUC,AUC,AUC,AUC,AUC,DEP50,"55",NON, ,INSPRE,2023,TVERTE, déperissement à surveiller,O,2021-10-14T17:11:58.000,TVJV,,DHP
"739","3440","3463",{8E1C9896-B9F7-406C-9221-84BFE8C114D9},"0",VOPA_093,ARBRE,ROPS,"1",,,"47",PARC,PUB,AUC,AUC,AUC,BATACC,AUC,AUC,AUC,INCTR,CARTR,AUTRAC,"30",OUIARB,soulèvement empattement,ABSECT,30,TVERTE," Réfection du muret 2m de celui ci, NH",O,2021-10-14T17:17:21.000,TVJV,,DHP
"740","3450","3473",{988495F4-7C95-4259-A600-20EE6BB8234A},"0",VOPA_093,ARBRE,ROPS,"1",,,"51",PARC,PUB,AUC,AUC,AUC,AUC,AUC,AUC,AUC,FAETR,BRCCI,AUC,"70",NON, ,ELCOMP,2023,TVERTE, assainissement et allègement br primaire côté NO,O,2021-10-14T12:19:31.000,TVJV,,DHP
"741","3451","3474",{0A67006B-C4BD-4833-8504-2576D4611707},"0",VOPA_093,ARBRE,ROPS,"1",,,"41",PARC,PUB,AUC,AUC,AUC,AUC,AUC,AUC,AUC,FAETR,BOMCI,AUC,"70",NON, ,ELCOMP,2023,TVERTE, assainissement et allègement br primaire côté SE,O,2021-10-14T12:23:17.000,TVJV,,DHP
"742","3452","3475",{1BF2A770-C23D-4EF6-A9CC-9EDC08F57498},"0",VOPA_093,ARBRE,ROPS,"1",,,"49",PARC,PUB,AUC,AUC,AUC,AUC,AUC,AUC,AUC,CARTR,FAETR,AUC,"60",NON, bois mort,ELCOMP,2023,TVERTE, assainissement et allègement br primaire NO ,O,2021-10-14T12:29:57.000,TVJV,,DHP
"743","3453","3476",{4161DE47-B723-4F3D-A6B1-B99211866E4A},"0",VOPA_093,ARBRE,ROPS,"1",,,"92",PARC,PUB,AUC,AUC,AUC,AUC,AUC,AUC,CPOTR,FOFTR,BOMBS,AUC,"55",NON, ,HAFLSS,2022,TVERTE, assainissement bois mort aussi,O,2021-10-14T12:41:22.000,TVJV,,DHS
"744","3456","3479",{197B2A97-2268-4218-A0FC-F57EB61BB6CE},"0",VOPA_093,ARBRE,ROPS,"1",,,"41",PARC,PUB,AUC,AUC,AUC,AUC,AUC,AUC,AUC,FAETR,AUC,AUC,"75",NON, ,AUC,,, ,O,2021-10-14T12:48:00.000,TVJV,,DHP
"745","3457","3480",{3E466E6B-A40C-4AC4-92A1-478A4C57CD7E},"0",VOPA_093,ARBRE,ROPS,"1",,,"45",PARC,PUB,AUC,AUC,AUC,AUC,AUC,AUC,AUC,FAETR,AUC,BRATR,"75",NON, ,ELCOMP,2024,TVERTE, retirer petite tige codominante et alléger br primaire O,O,2021-10-14T12:51:32.000,TVJV,,DHP
"746","3458","3481",{6622A2B9-E7BB-409C-8634-0ABEA8B2F2E5},"0",VOPA_093,ARBRE,ACPL,"1",,,"30",PARC,PUB,AUC,AUC,AUC,AUC,AUC,AUC,AUC,FAETR,AUC,BASCI,"75",NON, ,ELCOMP,2023,TVERTE, rehaussement et allègement têtes codominantes,O,2021-10-14T12:54:34.000,TVJV,,DHP
"747","3459","3482",{41948F47-834B-4328-B59F-42A7457A07DE},"0",VOPA_093,ARBRE,ACPL,"1",,,"37",PARC,PUB,AUC,AUC,AUC,LAMPFO,AUC,AUC,AUC,FAETR,AUC,AUC,"75",NON, ,ELCOMP,2023,TVERTE,dégagement lampadaire et allègement br primaire côté S,O,2021-10-12T16:42:39.000,TVJV,,DHP
"748","3460","3483",{CFCC9D44-D9F6-4E78-B5C7-1686F16A1175},"0",VOPA_093,SOUCHE,ACPL,"1",,,"40",PARC,PUB,AUC,AUC,AUC,AIRJEU,AUC,AUC,AUC,FOOTR,CARTR,CLACI,"45",OUIFC, ,ABSECT,90,TVERTE, risque dans parc aux chiens,O,2021-10-12T16:37:06.000,TVJV,,DHP
"749","3463","3486",{880CCBCC-EE77-4604-B6F9-F41AB45E6737},"0",VOPA_093,ARBRE,ACPL,"1",,,"58",PARC,PUB,AUC,AUC,AUC,AIRJEU,AUC,AUC,AUC,TECCI,FOFTR,AUC,"55",NON, bois mort,ELSECU,90,TVERTE, haubanage synthétique statique 2022,O,2021-10-14T17:35:59.000,TVJV,,DHP
"750","3464","3487",{9396E192-DD08-4DB4-8A8C-28D78036F9A6},"0",VOPA_093,ARBRE,PRSE,"1",,,"18",PARC,PUB,AUC,AUC,AUC,AUC,AUC,AUC,NNTR,CARTR,AUC,BLMTR,"45",NON, ,ABDIRE,2023,TVERTE, ,O,2021-10-14T12:59:29.000,TVJV,,DHP
"751","3465","3488",{45119B0E-8D94-48C9-9C6C-E5406297DE89},"0",VOPA_093,ARBRE,ROPS,"1",,,"54",PARC,PUB,AUC,AUC,AUC,AUC,AUC,AUC,AUC,CARTR,FOFCI,AUC,"45",NON, ,ABSECT,2023,TVERTE, ,O,2021-10-14T13:08:35.000,TVJV,,DHP
"752","3466","3489",{58615BD8-57AD-498E-975B-DE9C45E083C6},"0",VOPA_093,ARBRE,ROPS,"1",,,"108",PARC,PUB,AUC,AUC,AUC,FILD01,AUC,AUC,NECTR,AUC,AUC,BRATR,"60",NON, ,ELSUGO,2024,TVERTE, ,O,2021-10-14T13:12:59.000,TVJV,,DHP
"753","3467","3490",{28BA0E58-D700-453C-A6BD-6630B19EE2B2},"0",VOPA_093,SOUCHE,ACPL,"1",,,"60",PARC,PUB,AUC,AUC,AUC,FILD01,AUC,AUC,AUC,AUC,AUC,AUC,"30",NON, ,ESDECH,,TVERTE, ,O,2021-10-14T13:15:48.000,TVJV,,DHS
"754","3468","3491",{1ECCE78A-8477-430C-8DFC-4E30F1FD2C66},"0",VOPA_093,ARBRE,ROPS,"1",,,"14",PARC,PUB,AUC,AUC,AUC,AUC,AUC,AUC,AUC,AUC,AUC,AUC,"80",NON, ,AUC,,, ,O,2021-10-14T13:21:22.000,TVJV,,DHP
"755","3469","3492",{B5ADA962-CE30-4054-8C6D-868E586860FC},"0",VOPA_093,ARBRE,ROPS,"1",,,"72,000000",PARC,PUB,AUC,AUC,AUC,FILCOM,AUC,AUC,AUC,CVSTR,CARTR,AUC,"40",OUITR, ,ABSECT,90,TVERTE, ,O,2021-10-14T13:29:23.000,TVJV,,DHP
"756","3470","3493",{F0006BBE-DFF6-4217-8763-0C7BD860CADA},"0",VOPA_093,ARBRE,ROPS,"1",,,"70.000000",PARC,PUB,AUC,AUC,AUC,FILCOM,AUC,AUC,AUC,CVSTR,FOOTR,AUC,"40",OUIARB, ,ABSECT,90,TVERTE, ,O,2021-10-14T13:33:26.000,TVJV,,DHP
"757","3471","3494",{14A81D29-0527-45FD-84C8-DBA3F3BB238A},"0",VOPA_093,ARBRE,ROPS,"1",,,"70",PARC,PUB,AUC,AUC,AUC,FILCOM,AUC,AUC,AUC,FOOTR,CARTR,AUC,"30",OUIARB, ,ABSECT,90,TVERTE, ,O,2021-10-14T13:42:17.000,TVJV,,DHP
"758","3472","3495",{9BEFD8BE-F305-4CF8-9D28-379C42C86C75},"0",VOPA_093,ARBRE,ROPS,"1",,,"68",PARC,PUB,AUC,AUC,AUC,FILCOM,AUC,AUC,AUC,CARTR,CARRAC,AUC,"30",OUIARB, ,ABSECT,90,TVERTE, ,O,2021-10-14T13:50:30.000,TVJV,,DHP
"759","3473","3496",{7C760902-F553-4309-A1CB-B0187A2BF4D2},"0",VOPA_093,ARBRE,ROPS,"1",,,"70",PARC,PUB,AUC,AUC,AUC,BATIM,FILCOM,AUC,AUC,CARTR,CVSTR,AUC,"30",OUIARB, ,ABSECT,90,TVERTE, ,O,2021-10-14T13:58:20.000,TVJV,,DHP
"760","3475","3498",{B671FCC7-0D2A-482B-B1CB-6D1172DD5196},"0",VOPA_093,ARBRE,ROPS,"1",,,"82.000000",PARC,PUB,AUC,AUC,AUC,BATIM,FILCOM,AUC,AUC,CARTR,FOFTR,AUC,"30",OUIARB, bois mort,ABSECT,90,TVERTE, ,O,2021-10-14T14:36:55.000,TVJV,,DHP
"761","3476","3499",{55067C54-FE88-4B94-87CA-68168CAF8545},"0",VOPA_093,ARBRE,ROPS,"1",,,"73",PARC,PUB,AUC,AUC,AUC,FILCOM,BATIM,IPETR,AUC,CVSTR,FOFTR,AUC,"50",NON, ,ABSECT,2023,TVERTE,risque accru lorsque voisins seront coupés,O,2021-10-14T14:50:33.000,TVJV,,DHP
"762","3477","3500",{997F979A-521F-40E6-8B6F-5BEE0D892C4F},"0",VOPA_093,ARBRE,ROPS,"1",,,"83",PARC,PUB,AUC,AUC,AUC,FILD01,AUC,IPETR,AUC,CARTR,FOOTR,AUC,"30",OUIARB,NFU: nÃ©crose de l'Ã©corce le long du tronc,ABSECT,90,TVERTE, ,O,2021-10-14T15:02:52.000,TVJV,,DHP
"763","3478","3501",{8518C7C5-7919-477F-A9F3-A5AD91A1ED8D},"0",VOPA_093,ARBRE,ROPS,"1",,,"115",PARC,PUB,AUC,AUC,AUC,AUC,AUC,IPETR,AUC,CARTR,FOFTR,DEP25,"50",OUIFC, ,HAFLSS,90,TVERTE, assainissement aussi,O,2021-10-14T15:15:30.000,TVJV,,DHP
"764","3479","3502",{DBAB93FE-E2AB-4F74-BD21-CB9057268C72},"0",VOPA_093,ARBRE,QURU,"1",,,"91",PARC,PUB,AUC,AUC,AUC,AUC,AUC,AUC,AUC,BOMCI,AUC,AUC,"70",NON, ,ELASSA,2023,TVERTE, ,O,2021-10-14T15:18:53.000,TVJV,,DHP
"765","3480","3503",{2354E101-AE38-4F11-AB39-2289AE157799},"0",VOPA_093,ARBRE,QUAL,"1",,,"29",PARC,PUB,AUC,AUC,AUC,AUC,AUC,AUC,AUC,FOFTR,AUC,BLMTR,"70",NON, ,ELALLE,2023,TVERTE, allègement tête codominante côté E,O,2021-10-14T13:19:11.000,TVJV,,DHP
"766","3482","3505",{6F9534EB-D8DB-4D0B-B6C2-364929ED10AD},"0",VOPA_093,ARBRE,PNST,"1",,,"17",PARC,PUB,AUC,AUC,AUC,AUC,AUC,AUC,AUC,AUC,AUC,AUC,"70",NON, ,AUC,,, ,O,2021-10-14T15:36:03.000,TVJV,,DHP
"767","3483","3506",{8B4607FA-BB7B-4910-A784-EC9DD18EC0E5},"0",VOPA_093,SOUCHE,PIAB,"1",,,"30",PARC,PUB,AUC,AUC,AUC,AUC,AUC,AUC,AUC,AUC,AUC,AUC,"70",NON, ,ESDECH,,TVERTE, ,O,2021-10-14T15:31:45.000,TVJV,,DHS
"768","3484","3507",{A7357D07-4D5E-4841-BE29-D0E9817424DB},"0",VOPA_093,ARBRE,,"1",,,"24",PARC,PUB,AUC,AUC,AUC,AUC,AUC,AUC,AUC,AUC,AUC,DEP50,"50",NON, Picea omorika,ABSECT,2024,TVERTE, ,O,2021-10-14T15:49:40.000,TVJV,,DHP
"769","3485","3508",{96D75086-3ECD-40F9-80FE-94DF528B26EF},"0",VOPA_093,ARBRE,,"1",,,"21",PARC,PUB,AUC,AUC,AUC,AUC,AUC,AUC,AUC,AUC,AUC,DEP50,"55",NON, Picea omorika,ABSECT,2024,TVERTE, ,O,2021-10-14T15:50:59.000,TVJV,,DHP
"770","3486","3509",{CF2CA1F1-069B-4C98-9684-B51B7E832A8E},"0",VOPA_093,ARBRE,ROPS,"2",,,"32,24",PARC,PUB,AUC,AUC,AUC,AUC,AUC,AUC,CPOTR,CARTR,FOFTR,BLMTR,"30",OUIARB, ,ABSECT,2022,TVERTE, ,O,2021-10-14T15:43:39.000,TVJV,,DHP_X
"771","3487","3510",{F1260DE3-FBA8-416B-90B6-45B7A1F28F3E},"0",VOPA_093,ARBRE,ROPS,"1",,,"27",PARC,PUB,AUC,AUC,AUC,AUC,AUC,AUC,AUC,AUC,AUC,AUC,"35",NON, ,ABSECT,2022,TVERTE, ,O,2021-10-14T15:47:12.000,TVJV,,DHP
"772","3488","3511",{F7D887B9-49CE-4D03-8F1D-CB7B2FE8ACA2},"0",VOPA_093,ARBRE,,"1",,,"24",PARC,PUB,AUC,AUC,AUC,AUC,AUC,AUC,AUC,RAETR,AUC,AUC,"75",NON, Picea omorika,AUTRE,2023,TVERTE, chirurgie racine encerclante,O,2021-10-14T15:28:59.000,TVJV,,DHP
"773","3490","3513",{51079E95-9F3D-47DC-8AA7-4050702ABA65},"0",VOPA_093,ARBRE,PNNIAU,"1",,,"53",PARC,PUB,AUC,AUC,AUC,AUC,AUC,AUC,AUC,AUC,AUC,AUC,"70",NON, ,AUC,,, ,O,2021-10-14T15:24:37.000,TVJV,,DHP
"774","3491","3514",{9D925343-1A69-4FE7-8504-4866B8B691A0},"0",VOPA_093,ARBRE,PNNIAU,"1",,,"39",PARC,PUB,AUC,AUC,AUC,AUC,AUC,AUC,AUC,AUC,AUC,AUC,"70",NON, ,AUC,,, ,O,2021-10-14T15:25:42.000,TVJV,,DHP
"775","3492","3515",{CE2F1533-14B6-4542-8A6D-321B18FEE0E8},"0",VOPA_093,ARBRE,PNNIAU,"1",,,"29",PARC,PUB,AUC,AUC,AUC,AUC,AUC,AUC,AUC,AUC,AUC,DEP25,"65",NON, ,AUC,,, ,O,2021-10-14T15:23:08.000,TVJV,,DHP
"776","3493","3516",{FC35CADD-93CF-48EA-ABC6-F49203EED409},"0",VOPA_093,ARBRE,ACRU,"1",,,"24",PARC,PUB,COMME,AUC,AUC,AUC,AUC,AUC,AUC,RAETR,AUC,BLMTR,"70",NON,,AUC,,, ,O,2021-10-14T17:41:02.000,TVJV,Helen Robertson,DHP
"777","3494","3517",{A9547841-87D5-4858-99B0-2C95E0F62C50},"0",VOPA_093,ARBRE,AEHI,"1",,,"51",PARC,PUB,AUC,AUC,AUC,AUC,AUC,AUC,AUC,FOFTR,AUC,AUC,"70",NON, ,HAFLSS,2023,TVERTE, ,O,2021-10-14T17:39:21.000,TVJV,,DHP
"778","3495","3518",{C3FC40CE-D126-4753-B13A-DB9B62701D5B},"0",VOPA_093,ARBRE,AEHI,"1",,,"50",PARC,PUB,AUC,AUC,AUC,AUC,AUC,AUC,AUC,FAETR,AUC,AUC,"70",NON, ,HAFLSD,2023,TVERTE, haubanage en V,O,2021-10-14T17:49:23.000,TVJV,,DHP
"779","3496","3519",{11D7D7E5-56B1-4BC7-A171-7399DE2FED6C},"0",VOPA_093,ARBRE,AEHI,"1",,,"52",PARC,PUB,AUC,AUC,AUC,AUC,AUC,AUC,AUC,FAETR,AUC,AUC,"75",NON, ,HAFLSD,2024,TVERTE, ,O,2021-10-14T17:51:33.000,TVJV,,DHP
"780","3497","3520",{4EA11205-C4BD-46B3-8601-794FFDF11443},"0",VOPA_093,ARBRE,AEHI,"1",,,"55",PARC,PUB,AUC,AUC,AUC,AUC,AUC,AUC,AUC,FAETR,AUC,AUC,"80",NON, ,AUC,,, ,O,2021-10-14T18:50:21.000,TVJV,,DHP
"781","3500","3523",{0B1EB070-C0DF-44C0-9C9F-3DC68B6A0F45},"0",VOPA_093,ARBRE,ROPS,"1",,,"69",PARC,PUB,AUC,AUC,AUC,AUC,AUC,AUC,AUC,AUC,AUC,AUC,"70",NON, ,AUC,,, ,O,2021-10-14T17:47:28.000,TVJV,,DHP
"782","3501","3524",{27AEAE47-B205-47EB-97B7-213C67E9CA01},"0",VOPA_093,ARBRE,ACSC,"1",,,"38",PARC,PUB,AUC,AUC,AUC,AUC,AUC,AUC,AUC,AUC,AUC,AUC,"80",NON, ,AUC,,, ,O,2021-10-14T19:07:39.000,TVJV,,DHP
"783","3502","3525",{646FB671-770B-4D6B-B919-A8748AFF8F82},"0",VOPA_093,ARBRE,ACRU,"1",,,"29",PARC,PUB,COMME,AUC,AUC,AUC,AUC,AUC,AUC,AUC,AUC,AUC,"70",NON,corset encastré,AUC,,,,O,2021-10-14T19:09:37.000,TVJV,Peter John Habib for Daniel Lack 514 931 6042,DHP
"784","3503","3526",{2C1BA63A-3C02-47A5-B5AA-776DAA28D269},"0",VOPA_093,ARBRE,ROPS,"1",,,"49",PARC,PUB,AUC,AUC,AUC,AUC,AUC,AUC,AUC,CARTR,AUC,AUC,"20",OUIARB,NFU: nÃ©crose longitudinale de l'Ã©corce le long du tronc,ABSECT,90,TVERTE, ,O,2021-10-14T19:30:12.000,TVJV,,DHP
"785","3504","3527",{5F744FF5-CEB2-4E39-A658-F68392EA34BC},"0",VOPA_093,ARBRE,ROPS,"1",,,"65",PARC,PUB,AUC,AUC,AUC,AUC,AUC,IPETR,AUC,CARTR,FOOTR,AUC,"50",NON, ,ABSECT,2023,TVERTE, ,O,2021-10-14T19:27:19.000,TVJV,,DHP
"786","3505","3528",{57681E46-B880-4DB5-A109-33CAF6D885A1},"0",VOPA_093,ARBRE,ROPS,"1",,,"87",PARC,PUB,AUC,AUC,AUC,AUC,AUC,AUC,AUC,CARTR,CARRAC,AUC,"70",OUIARB, fourche primaire faible,ABSECT,90,TVERTE, ,O,2021-10-14T19:34:05.000,TVJV,,DHP
"787","3506","3529",{F860B3B6-08F1-4508-A38B-41CDD5F6AFB5},"0",VOPA_093,ARBRE,AEGL,"1",,,"21",PARC,PUB,AUC,AUC,AUC,AUC,AUC,AUC,AUC,FOFTR,AUC,AUC,"70",NON, ,ELASSA,2023,TVERTE, retirer branche primaire ,O,2021-10-14T19:16:09.000,TVJV,,DHP
"788","3507","3530",{B0549CDC-7E48-49C9-8ACB-B07E23D6FB37},"0",VOPA_093,ARBRE,ROPS,"1",,,"29",PARC,PUB,AUC,AUC,AUC,AUC,AUC,AUC,AUC,FAETR,AUC,AUC,"75",NON, ,ELALLE,2023,TVERTE, alléger branches codominantes,O,2021-10-14T19:49:57.000,TVJV,,DHP
"789","3508","3531",{366E6E13-1BFB-4FF0-BC69-7C08239ED0BB},"0",VOPA_093,ARBRE,AEGL,"1",,,"21",PARC,PUB,AUC,AUC,AUC,AUC,AUC,AUC,AUC,AUC,AUC,AUC,"80",NON, ,AUTRE,2022,TVERTE, chaine de plaque encastré,O,2021-10-14T19:47:27.000,TVJV,,DHP
"790","3509","3532",{05BBE0CD-D1B5-4B96-8C35-7D59334FC194},"0",VOPA_093,ARBRE,ROPS,"2",,,"80,70",PARC,PUB,AUC,AUC,AUC,AUC,AUC,AUC,AUC,FOFTR,CARTR,AUC,"40",OUIARB, ,ABSECT,90,TVERTE, ,O,2021-10-14T19:14:02.000,TVJV,,DHP_X
"791","3510","3533",{346F0534-91D2-4526-A5A3-3B12FE274589},"0",VOPA_093,ARBRE,ROPS,"1",,,"93",PARC,PUB,AUC,AUC,AUC,AUC,AUC,IPETR,AUC,CARTR,CARTR,AUC,"55",NON, bois mort,INSPRE,2023,TVERTE, surveiller carie et déperissement,O,2021-10-14T18:48:24.000,TVJV,,DHP
"792","3511","3534",{B632AB3E-8A57-49E9-8EF6-38D054AF5CF2},"0",VOPA_093,ARBRE,ROPS,"1",,,"75",PARC,PUB,AUC,AUC,AUC,AUC,AUC,AUC,CPOTR,CARTR,AUC,AUC,"50",NON, ,ABSECT,2023,TVERTE, ,O,2021-10-14T19:05:26.000,TVJV,,DHP
"793","3512","3535",{F4F28B41-9372-4D19-84DB-0165E24D8975},"0",VOPA_093,ARBRE,ROPS,"1",,,"62",PARC,PUB,AUC,AUC,AUC,AUC,AUC,IPETR,AUC,CARTR,FOOTR,AUC,"45",NON, bois mort,ABSECT,2023,TVERTE, ,O,2021-10-14T18:56:56.000,TVJV,,DHP
"794","3513","3536",{9F09E7E0-BC70-4B1E-ABC1-AB7BC5AE01B4},"0",VOPA_093,ARBRE,ROPS,"1",,,"60",PARC,PUB,AUC,AUC,AUC,AUC,AUC,AUC,AUC,CARTR,TEMCI,AUC,"40",NON, ,ABSECT,2023,TVERTE, ,O,2021-10-14T19:00:26.000,TVJV,,DHP
"795","3515","3538",{258E9D2F-ACEC-4403-8F36-ADC7DFA97968},"0",VOPA_093,ARBRE,GIBI,"1",,,"51",PARC,PUB,AUC,AUC,AUC,AUC,AUC,AUC,AUC,FAETR,AUC,AUC,"80",NON, ,AUC,,, ,O,2021-10-12T20:50:52.000,TVJV,,DHP
"796","3516","3539",{25653511-63D6-4C77-AE8C-F9D21964DF48},"0",VOPA_093,ARBRE,ROPS,"1",,,"100",PARC,PUB,AUC,AUC,AUC,AUC,AUC,AUC,CPOBC,FOFTR,CARTR,DEP25,"50",NON, ,ABSECT,2023,TVERTE, ,O,2021-10-14T19:22:48.000,TVJV,,DHP
"797","3521","3544",{5F922F72-2D98-4AE7-8E1D-07A44B5D0193},"0",VOPA_093,ARBRE,ROPS,"1",,,"78",PARC,PUB,AUC,AUC,AUC,AUC,AUC,IPETR,CPOBC,CARTR,TEMCI,AUC,"30",OUIBC, ,ABSECT,90,TVERTE, ,O,2021-10-14T18:01:22.000,TVJV,,DHP
"798","3523","3546",{D96B45CF-1CF5-4CC4-A420-5D0A6786E6EF},"0",VOPA_093,ARBRE,ROPS,"1",,,"70",PARC,PUB,AUC,AUC,AUC,FILCOM,AUC,IPETR,AUC,CARTR,TEMCI,AUC,"30",OUIBC, ,ABSECT,90,TVERTE, ,O,2021-10-14T18:14:24.000,TVJV,,DHP
"799","3524","3547",{5D71CA2F-7F0A-404F-AAA3-FADE01A3D6BC},"0",VOPA_093,ARBRE,ROPS,"1",,,"72",PARC,PUB,AUC,AUC,AUC,FILCOM,BATIM,AUC,AUC,CARTR,FOFCI,AUC,"30",OUIARB,NFU: nÃ©crose longitudinale de l'Ã©corce le long du tronc,ABSECT,90,TVERTE, ,O,2021-10-14T18:19:01.000,TVJV,,DHP
"800","3525","3548",{D612C072-F9A1-458B-BDA3-6FD6AC721424},"0",VOPA_093,ARBRE,ROPS,"1",,,"76",PARC,PUB,AUC,AUC,AUC,AUC,AUC,IPETR,AUC,CARTR,AUC,AUC,"50",NON, ,INSPRE,2023,TVERTE, état à suivre,O,2021-10-14T18:22:28.000,TVJV,,DHP
"801","3526","3549",{CA172958-45E0-4698-BFE4-3D8F5AA4828F},"0",VOPA_093,ARBRE,ROPS,"1",,,"72",PARC,PUB,AUC,AUC,AUC,BATIM,AUC,IPETR,AUC,CARTR,FOFTR,DEP50,"45",OUIARB, ,ABSECT,2022,TVERTE,,O,2021-10-14T18:33:30.000,TVJV,,DHP
"802","3528","3551",{ED4C936B-A4F9-44FB-A44C-7C92D070B2EF},"0",VOPA_093,ARBRE,ROPS,"1",,,"64",PARC,PUB,AUC,AUC,AUC,BATIM,AUC,IPETR,AUC,CARTR,AUC,AUC,"40",OUITR, ,ABSECT,90,TVERTE, ,O,2021-10-14T20:00:29.000,TVJV,,DHP
"842","4350","4384",{3BA84A6D-65B8-4893-B428-1E341FFCC230},"0",VOPA_093,ARBRE,ACPL,"1",,,"28",PARC,PUB,AUC,AUC,AUC,AUC,AUC,AUC,CHETR,FAETR,INCTR,AUC,"50",NON, ,ABSECT,2023,TVERTE,,O,2021-10-12T18:52:49.000,TVJV,,DHP
"843","4351","4385",{F5735325-0CB8-4F95-BBEC-34E0617F8AE1},"0",VOPA_093,ARBRE,ACPL,"1",,,"34",PARC,PUB,AUC,AUC,AUC,AUC,AUC,AUC,CHETR,AUC,AUC,AUC,"45",NON, ,ABSECT,2022,TVERTE, ,O,2021-10-12T18:55:05.000,TVJV,,DHP
"844","4352","4386",{459C7855-D525-4EFA-A723-95452FE9DEB7},"0",VOPA_093,ARBRE,ACPL,"1",,,"40",PARC,PUB,AUC,AUC,AUC,AUC,AUC,AUC,CHETR,AUC,AUC,AUC,"65",NON, ,AUC,,, ,O,2021-10-12T18:57:14.000,TVJV,,DHP
"845","4354","4388",{686C2C28-8332-4970-A57A-AD6FB35B13F1},"0",VOPA_093,SOUCHE,ACPL,"1",,,,PARC,PUB,AUC,AUC,AUC,AUC,AUC,AUC,AUC,AUC,AUC,AUC,,NON, souche trop près du mur,AUC,,, ,O,2021-10-12T18:59:47.000,TVJV,,DHP
"846","4355","4389",{15D9455E-4598-4C2C-8EAA-F1EB9124DFFA},"0",VOPA_093,ARBRE,ACPL,"1",,,"32",PARC,PUB,AUC,AUC,AUC,AUC,AUC,AUC,AUC,AUC,AUC,AUC,"75",NON, ,AUC,,, ,O,2021-10-12T19:01:12.000,TVJV,,DHP
"847","4356","4390",{ED0E47C7-099B-4AA8-A82C-3E909E79D974},"0",VOPA_093,ARBRE,PNNIAU,"1",,,"24",PARC,PUB,AUC,AUC,AUC,AUC,AUC,AUC,AUC,AUC,AUC,AUC,"0",NON, ,ABSECT,2022,TVERTE, mort,O,2021-10-12T19:31:19.000,TVJV,,DHP
"848","4357","4391",{658A1055-08F4-410B-8220-2514BF9C4A42},"0",VOPA_093,ARBRE,ACPL,"1",,,"23",PARC,PUB,AUC,AUC,AUC,AUC,AUC,AUC,AUC,AUC,AUC,AUC,"80",NON, ,AUC,,, ,O,2021-10-12T19:28:07.000,TVJV,,DHP
"849","4358","4392",{4E27616B-1310-40A6-8272-1DAD1DD70628},"0",VOPA_093,ARBRE,ACPL,"1",,,"27",PARC,PUB,AUC,AUC,AUC,AUTRE,AUC,AUC,AUC,AUC,AUC,AUC,"75",NON, muret,AUC,,, ,O,2021-10-12T19:29:55.000,TVJV,,DHP
"850","4359","4393",{E5A062E5-7FF1-442A-A3ED-511AE84AAB53},"0",VOPA_093,ARBRE,PNNIAU,"1",,,"37",PARC,PUB,AUC,AUC,AUC,AUC,AUC,AUC,AUC,AUC,AUC,DEP25,"70",NON, ,AUC,,, ,O,2021-10-12T19:33:11.000,TVJV,,DHP
"851","4360","4394",{68323145-55A2-4527-BED2-09E9D42E0F4C},"0",VOPA_093,ARBRE,ACPLCK,"1",,,"35",PARC,PUB,AUC,AUC,AUC,AUC,AUC,AUC,AUC,AUC,AUC,AUC,"80",NON, ,AUC,,, ,O,2021-10-12T19:06:59.000,TVJV,,DHP
"852","4361","4395",{B9183B6D-F19C-4EE7-9500-507639F80F5E},"0",VOPA_093,ARBRE,ACPLCK,"1",,,"38",PARC,PUB,AUC,AUC,AUC,AUC,AUC,AUC,AUC,AUC,AUC,AUC,"75",NON, ,AUC,,, ,O,2021-10-13T13:34:08.000,TVJV,,DHP
"853","4362","4396",{2439297E-4D60-41DD-8EC8-944E888F8289},"0",VOPA_093,ARBRE,ACPLCK,"1",,,"30",PARC,PUB,AUC,AUC,AUC,AUC,AUC,AUC,AUC,CARTR,BOMCI,BLMTR,"70",NON, ,ELASSA,2023,TVERTE, ,O,2021-10-13T13:39:06.000,TVJV,,DHP
"854","4363","4397",{088CE277-1FD1-4545-84D0-1E5469D18AF9},"0",VOPA_093,ARBRE,ACPLCK,"1",,,"33",PARC,PUB,AUC,AUC,AUC,AUC,AUC,AUC,AUC,BOMCI,RAETR,AUC,"70",NON, ,ELASSA,2023,TVERTE, ,O,2021-10-13T13:40:44.000,TVJV,,DHP
"855","4364","4398",{E65B1DEF-0610-4AA3-8E3A-3BDBC4105E3D},"0",VOPA_093,ARBRE,ROPS,"1",,,"88",PARC,PUB,AUC,AUC,AUC,AUC,AUC,AUC,AUC,CARTR,FOFTR,AUC,"40",NON, bois mort,ABSECT,2022,TVERTE, ,O,2021-10-13T19:45:48.000,TVJV,,DHP
"856","4365","4399",{EBD5188F-BC68-4938-8AEC-73BFD38C916E},"0",VOPA_093,ARBRE,ACPL,"2",,,"20,20",PARC,PUB,AUC,AUC,AUC,AUC,AUC,AUC,AUC,FAETR,BRXBC,AUC,"70",NON, ,AUC,,, ,O,2021-10-13T19:38:51.000,TVJV,,DHP_X
"857","4366","4400",{6A1F2D36-9C89-4C0D-965C-9CD372E35F9A},"0",VOPA_093,ARBRE,ROPS,"1",,,"90",PARC,PUB,AUC,AUC,AUC,AUC,AUC,AUC,AUC,CARTR,BRCBS,AUC,"40",NON,NFU: nÃ©crose longitudinale de l'Ã©corce le long du tronc,ABSECT,2022,TVERTE, ,O,2021-10-13T19:35:56.000,TVJV,,DHP
"858","4367","4401",{F7E115EB-87E7-499E-9909-80FE3A509D41},"0",VOPA_093,ARBRE,ROPS,"1",,,"27",PARC,PUB,AUC,AUC,AUC,AUC,AUC,AUC,CPLRAC,CARTR,CARRAC,AUC,"70",NON, ,ABSECT,2023,TVERTE, ,O,2021-10-13T19:50:20.000,TVJV,,DHP
"859","4368","4402",{5D084627-82FD-4FC5-BC8C-0FF9FBDC3D57},"0",VOPA_093,ARBRE,ROPS,"1",,,"115",PARC,PUB,AUC,AUC,AUC,AUC,AUC,AUC,AUC,CARTR,FOOTR,AUC,"30",OUIFC,NFU: nÃ©crose longitudinale de l'Ã©corce le long du tronc,ABSECT,90,TVERTE, ,O,2021-10-13T19:20:54.000,TVJV,,DHP
"860","4369","4403",{88AFA044-0589-4303-9AF0-9B8F3CF19E90},"0",VOPA_093,ARBRE,GIBI,"1",,,"44",PARC,PUB,AUC,AUC,AUC,AUC,AUC,AUC,AUC,AUC,AUC,AUC,"80",NON, ,AUC,,, ,O,2021-10-13T19:31:27.000,TVJV,,DHP
"861","4370","4404",{E62AAE9D-5746-4DCA-93E9-662781D0823B},"0",VOPA_093,ARBRE,ROPS,"1",,,"27",PARC,PUB,AUC,AUC,AUC,AUC,AUC,AUC,AUC,CARTR,CARRAC,AUC,"30",NON, ,ABSECT,2022,TVERTE, ,O,2021-10-13T19:25:39.000,TVJV,,DHP
"862","4374","4408",{FDF60E81-B633-49F8-8FCA-F9BCB7564E6D},"0",VOPA_093,ARBRE,ROPS,"1",,,"31",PARC,PUB,AUC,AUC,AUC,AUC,AUC,AUC,AUC,BOMCI,AUC,DEP25,"65",NON, ,ELASSA,2024,TVERTE, ,O,2021-10-13T19:30:06.000,TVJV,,DHP
"863","4383","4417",{B9B7EE40-88D8-480C-BC14-2FD9FBDC65DE},"0",VOPA_093,ARBRE,ROPS,"1",,,"61",PARC,PUB,AUC,AUC,AUC,AUC,AUC,AUC,CPOBC,CARTR,FOOTR,AUC,"20",OUIFC, ,ABSECT,90,TVERTE, ,O,2021-10-13T19:01:47.000,TVJV,,DHP
"864","4385","4419",{35E8CD58-9231-4A5A-A0E9-D2E2A2E9BC60},"0",VOPA_093,ARBRE,ROPS,"1",,,"83",PARC,PUB,AUC,AUC,AUC,AUC,AUC,AUC,CPOBS,CARTR,FOFTR,AUC,"30",OUIFC,"NFU: nÃ©crose longitudinale de l'Ã©corce le long du tronc
TVJV bois mort",ABSECT,90,, ,O,2021-10-13T19:15:39.000,TVJV,,DHP
"865","4386","4420",{A7133245-DB13-4A6A-A60A-61105365B1E6},"0",VOPA_093,ARBRE,ACPL,"1",,,"41",PARC,PUB,AUC,AUC,AUC,AUC,AUC,AUC,AUC,RAETR,BOMBS,AUC,"70",NON, ,ELASSA,2023,TVERTE, ,O,2021-10-13T13:43:59.000,TVJV,,DHP
"866","4387","4421",{C066C65A-0BEC-44AE-88EE-458A74F5D1E5},"0",VOPA_093,ARBRE,ACPLCK,"1",,,"50",PARC,PUB,AUC,AUC,AUC,AUC,AUC,AUC,AUC,AUC,AUC,AUC,"80",NON, ,AUC,,, ,O,2021-10-13T13:54:10.000,TVJV,,DHP
"867","4388","4422",{26148D8E-F8B1-438C-89B3-AAA8D2B998CD},"0",VOPA_093,ARBRE,ACPLCK,"1",,,"41",PARC,PUB,AUC,AUC,AUC,AUC,AUC,AUC,AUC,FAETR,AUC,AUC,"80",NON, ,HAFLSD,2024,TVERTE, ,O,2021-10-13T13:56:41.000,TVJV,,DHP
"868","4389","4423",{92B7E0B6-6A32-40C7-A8D9-1BD227B7C4AB},"0",VOPA_093,ARBRE,ACPLCK,"1",,,"38",PARC,PUB,AUC,AUC,AUC,AIRJEN,AUC,AUC,CHETR,AUC,AUC,AUC,"30",NON, ,ABSECT,90,TVERTE, ,O,2021-10-13T14:01:54.000,TVJV,,DHP
"869","4391","4425",{9F9B8F3A-F673-43D5-BC11-F03230C1D4A2},"0",VOPA_093,ARBRE,TICO,"1",,,"38",PARC,PUB,COMME,AUC,AUC,AUC,AUC,AUC,AUC,CARTR,FAETR,AUC,"60",NON,AJOUTER PLAQUE COMMÃ‰MORATIVE,ELALLE,2023,TVERTE,"chain stuck in tree
TVJV allégement br primaire côté NE ",O,2021-10-13T17:53:31.000,TVJV,Barbara Lighter chain stuck in tree,DHP
"870","4394","4428",{7C152C2A-AEAC-4764-BCA1-12AF105A4FD3},"0",VOPA_093,ARBRE,ROPS,"1",,,"66",PARC,PUB,AUC,AUC,AUC,AUC,AUC,IPETR,AUC,CARTR,AUC,AUC,"25",OUIARB, ,ABSECT,90,TVERTE, ,O,2021-10-13T17:58:42.000,TVJV,,DHP
"871","4395","4429",{0AFFBEE7-34FD-4548-92D1-9A6D58C58A2D},"0",VOPA_093,ARBRE,ROPS,"1",,,"37",PARC,PUB,AUC,AUC,AUC,AUC,AUC,IPETR,AUC,CARTR,AUC,AUC,"20",OUIARB, ,ABSECT,90,TVERTE, ,O,2021-10-13T17:56:30.000,TVJV,,DHP
"872","4396","4430",{7185EBA4-C81A-449D-B4A2-F7280EA666A5},"0",VOPA_093,ARBRE,ROPS,"1",,,"76",PARC,PUB,AUC,AUC,AUC,AUC,AUC,AUC,AUC,CARTR,FOFTR,AUC,"30",NON,"NFU: nÃ©crose longitudinale de l'Ã©corce le long du tronc , Fourche principale faible",ABSECT,2022,TVERTE, ,O,2021-10-13T17:46:18.000,TVJV,,DHP
"873","4398","4432",{7AF2EA4E-5BF4-4B9C-9D99-79632062DC60},"0",VOPA_093,ARBRE,ACPL,"1",,,"42",PARC,PUB,COMME,AUC,AUC,AIRJEN,AUC,AUC,CHETR,FOFTR,AUC,AUC,"50",OUIFC,,HAFLSS,90,TVERTE, haubanage triangulaire,O,2021-10-13T17:49:05.000,TVJV,Ann Goldenberg Bergman 19511992 stone plaque,DHP
"874","4400","4434",{1FB7A879-4A39-4D85-8441-E8A2937DECD9},"0",VOPA_093,ARBRE,ROPS,"1",,,"62",PARC,PUB,AUC,AUC,AUC,AIRDET,AUC,AUC,AUC,CARTR,AUC,AUC,"30",NON, ,ABSECT,90,TVERTE, ,O,2021-10-13T17:43:39.000,TVJV,,DHP
"875","4401","4435",{1DDFD20E-DD62-4BFD-9BAF-A2D9618EE1F4},"0",VOPA_093,ARBRE,ROPS,"1",,,"56",PARC,PUB,AUC,AUC,AUC,AIRJEN,AUC,AUC,AUC,CARTR,BOMCI,AUC,"55",NON, ,ELSECU,90,TVERTE, ,O,2021-10-13T16:36:32.000,TVJV,,DHP
"876","4402","4436",{2CECBFD7-F298-4F77-BD15-60AE1E7FD924},"0",VOPA_093,ARBRE,ROPS,"1",,,"63",PARC,PUB,AUC,AUC,AUC,AIRJEN,AUC,AUC,CPOBC,FOFTR,CARTR,AUC,"40",NON, carie en cime ,ABSECT,90,TVERTE, ,O,2021-10-13T16:28:23.000,TVJV,,DHP
"877","4403","4437",{FCB2AA01-A560-4C6B-91A2-866EA098F19F},"0",VOPA_093,ARBRE,ROPS,"1",,,"45",PARC,PUB,AUC,AUC,AUC,AIRJEN,AUC,AUC,CPORAC,CARTR,AUC,AUC,"30",OUIARB, ,ABSECT,30,TVERTE, ,O,2021-10-13T16:20:53.000,TVJV,,DHP
"878","4404","4438",{3472CFA2-B347-437A-9432-9076AA814C05},"0",VOPA_093,ARBRE,ROPS,"1",,,"55",PARC,PUB,AUC,AUC,AUC,AIRJEN,AUC,AUC,AUC,CARTR,CHIBC,AUC,"30",OUIARB, ,ABSECT,30,TVERTE, ,O,2021-10-13T16:14:39.000,TVJV,,DHP
"879","4405","4439",{8F828A00-19EA-4CA2-AE41-908766813CC6},"0",VOPA_093,ARBRE,ROPS,"1",,,"57",PARC,PUB,AUC,AUC,AUC,AIRJEN,AUC,AUC,AUC,CARTR,CHICI,AUC,"30",OUIARB, ,ABSECT,30,TVERTE, ,O,2021-10-13T16:39:26.000,TVJV,,DHP
"880","4406","4440",{32A7E75A-3645-4BB3-8F3C-BD415314EC0F},"0",VOPA_093,ARBRE,ROPS,"1",,,"75",PARC,PUB,AUC,AUC,AUC,AIRJEN,AUC,AUC,AUC,CARTR,FOFTR,AUC,"50",OUIBC," bois mort en cime, carie au branches charpentières",ABSECT,90,TVERTE, ,O,2021-10-13T16:12:20.000,TVJV,,DHP
"881","4407","4441",{AC9393E7-C7E8-4C19-BCCF-F88D6FBE25E7},"0",VOPA_093,ARBRE,ROPS,"1",,,"85",PARC,PUB,AUC,AUC,AUC,AIRJEN,AUC,AUC,AUC,CARTR,FOFTR,AUC,"30",OUIARB,NFU: nÃ©crose longitudinale de l'Ã©corce le long du tronc,ABSECT,30,TVERTE, ,O,2021-10-13T16:02:47.000,TVJV,,DHP
"882","4408","4442",{72D7EE1D-2E55-4F8C-A192-7B2B71875547},"0",VOPA_093,ARBRE,ROPS,"1",,,"47",PARC,PUB,AUC,AUC,AUC,AIRJEN,AUC,AUC,CPOTR,CARTR,AUC,AUC,"30",OUIARB, ,ABSECT,30,TVERTE, ,O,2021-10-13T16:43:06.000,TVJV,,DHP
"883","4409","4443",{EBF621D7-9C98-406C-9449-CBAA1912B3EB},"0",VOPA_093,ARBRE,ROPS,"1",,,"67",PARC,PUB,AUC,AUC,AUC,AIRJEN,AIRDET,AUC,CPOBC,CARTR,FOFTR,AUC,"50",OUIFC, ,ABSECT,90,TVERTE, ,O,2021-10-13T16:50:33.000,TVJV,,DHP
"884","4410","4444",{0BD328D7-6ED5-4DE9-A540-EA71B452EDCE},"0",VOPA_093,ARBRE,ROPS,"1",,,"62",PARC,PUB,AUC,AUC,AUC,AIRJEN,AIRDET,AUC,CPOBC,CARTR,FOFTR,AUC,"30",OUIFC,NFU: nÃ©crose longitudinale de l'Ã©corce le long du tronc,ABSECT,30,TVERTE, ,O,2021-10-13T16:54:32.000,TVJV,,DHP
"885","4411","4445",{CCFD1E5B-1535-43AC-A346-E3CC81854AD2},"0",VOPA_093,ARBRE,ROPS,"1",,,"76",PARC,PUB,AUC,AUC,AUC,AIRJEN,AIRDET,AUC,AUC,CVSTR,CARTR,AUC,"40",OUIFC,"NFU longue gÃ©livure sur le tronc principal
TVJV fourches primaire et secondaire faibles",ABSECT,90,TVERTE, ,O,2021-10-13T17:02:01.000,TVJV,,DHP
"886","4413","4447",{A4DD158B-9EE6-4DCA-B365-A26C5153AB7C},"0",VOPA_093,ARBRE,ROPS,"1",,,"63",PARC,PUB,AUC,AUC,AUC,AUC,AUC,AUC,AUC,BOMCI,AUC,AUC,"70",NON, ,ELASSA,2023,TVERTE, ,O,2021-10-13T17:07:02.000,TVJV,,DHP
"887","4414","4448",{41C17F0C-A064-4091-8A83-C88764AB941E},"0",VOPA_093,ARBRE,ACNE,"1",,,"52",PARC,PUB,AUC,AUC,AUC,AUC,AUC,AUC,AUC,AUC,AUC,AUC,"70",NON, ,AUC,,, ,O,2021-10-13T15:56:32.000,TVJV,,DHP
"888","4415","4449",{71E2790B-3508-488B-A1D3-A76E58DA13B4},"0",VOPA_093,ARBRE,ROPS,"1",,,"97",PARC,PUB,AUC,AUC,AUC,AIRJEN,AUC,AUC,AUC,CARTR,FOFTR,AUC,"30",OUIARB,NFU: nÃ©crose longitudinale de l'Ã©corce le long du tronc,ABSECT,30,TVERTE, ,O,2021-10-13T15:43:13.000,TVJV,,DHP
"889","4417","4451",{490E3101-CC3A-4BFE-9335-8B767A8DE13C},"0",VOPA_093,ARBRE,PIPU,"1",,,"16",PARC,PUB,AUC,AUC,AUC,AUC,AUC,AUC,AUC,AUC,AUC,DEP50,"50",NON, ,AUC,,, ,O,2021-10-13T14:43:39.000,TVJV,,DHP
"890","4418","4452",{517B1527-37C9-43AE-97F5-214336C3B01C},"0",VOPA_093,ARBRE,PIPU,"1",,,"19",PARC,PUB,AUC,AUC,AUC,AUC,AUC,AUC,AUC,AUC,AUC,AUC,"65",NON, ,AUC,,, ,O,2021-10-13T14:44:00.000,TVJV,,DHP
"891","4419","4453",{B18048D2-E907-45BE-84CF-9036843FCD6B},"0",VOPA_093,ARBRE,PIPU,"1",,,"32",PARC,PUB,AUC,AUC,AUC,AUC,AUC,AUC,AUC,AUC,AUC,DEP25,"60",NON, ,AUC,,, ,O,2021-10-13T14:42:02.000,TVJV,,DHP
"892","4420","4454",{DD06C799-855C-45F8-A6E3-76D40A8AF638},"0",VOPA_093,ARBRE,PIPU,"1",,,"29",PARC,PUB,AUC,AUC,AUC,AUC,AUC,AUC,AUC,AUC,AUC,DEP50,"55",NON, ,AUC,,, ,O,2021-10-13T14:40:34.000,TVJV,,DHP
"893","4421","4455",{8F55C36B-1D2A-4F5D-BF0B-811531C1A495},"0",VOPA_093,ARBRE,SYRE,"1",,,"15",PARC,PUB,COMME,AUC,AUC,AUC,AUC,AUC,AUC,AUC,AUC,AUC,"80",NON,,AUC,,, ,O,2021-10-13T14:13:59.000,TVJV,Plaque missing,DHP
"894","4422","4456",{2FC5BED5-AA8A-468A-A352-02844D3B06AF},"0",VOPA_093,ARBRE,ROPS,"1",,,"58",PARC,PUB,AUC,AUC,AUC,AUC,AUC,AUC,AUC,CARTR,CHIBC,AUC,"20",OUIARB,NFU: nÃ©crose longitudinale de l'Ã©corce le long du tronc,ABSECT,90,TVERTE, ,O,2021-10-13T14:57:33.000,TVJV,,DHP
"895","4423","4457",{ABCDB97B-421D-45CC-AA79-53EF664DD88A},"0",VOPA_093,ARBRE,JNCH,"3",,,"15 14,13",PARC,PUB,AUC,AUC,AUC,AUC,AUC,AUC,AUC,AUC,AUC,AUC,"60",NON, ,AUC,,, ,O,2021-10-13T14:49:05.000,TVJV,,DHP_X
"896","4424","4458",{77DCFA6A-A36D-41CB-B0D9-0847433AC3EC},"0",VOPA_093,ARBRE,JNCH,"2",,,"17,8",PARC,PUB,AUC,AUC,AUC,AUC,AUC,AUC,AUC,AUC,AUC,AUC,"60",NON, ,AUC,,, ,O,2021-10-13T15:31:30.000,TVJV,,DHP_X
"897","4425","4459",{721B80A2-4797-415C-ACA5-7C37702FFF92},"0",VOPA_093,ARBRE,ROPS,"1",,,"13",PARC,PUB,AUC,AUC,AUC,AUC,AUC,AUC,AUC,AUC,AUC,AUC,"80",NON, ,AUC,,, ,O,2021-10-13T15:18:32.000,TVJV,,DHP
"898","4427","4461",{013D91EB-27B6-4EB1-92A2-0882940CC9BC},"0",VOPA_093,ARBRE,ROPS,"1",,,"73",PARC,PUB,AUC,AUC,AUC,AUTRE,AUC,AUC,AUC,CARTR,AUC,AUC,"30",OUIARB,tronc touche muret,ABSECT,90,TVERTE, ,O,2021-10-13T15:27:44.000,TVJV,,DHP
"899","4428","4462",{FC04C2C8-557A-428A-A116-ECE4D615E91B},"0",VOPA_093,ARBRE,THOC,"1",,,"21",PARC,PUB,AUC,AUC,AUC,AUC,AUC,AUC,AUC,AUC,AUC,AUC,"80",NON, ,AUC,,, ,O,2021-10-13T15:29:33.000,TVJV,,DHP
"900","4429","4463",{EB0B239B-087C-4EA2-86DA-7451E842AB1E},"0",VOPA_093,ARBRE,PSME,"1",,,"39",PARC,PUB,AUC,AUC,AUC,AUC,AUC,AUC,AUC,AUC,AUC,AUC,"70",NON, ,AUC,,, ,O,2021-10-13T15:23:50.000,TVJV,,DHP
"901","4431","4465",{98495E6B-4BB8-462F-A002-8AFBAFC92D28},"0",VOPA_093,ARBRE,JNCH,"1",,,"21",PARC,PUB,AUC,AUC,AUC,AUC,AUC,AUC,AUC,AUC,AUC,AUC,"60",NON, ,AUC,,, ,O,2021-10-13T15:33:40.000,TVJV,,DHP
"902","4434","4468",{976DA03D-14C9-446E-9EC5-42D1CA152658},"0",VOPA_093,ARBRE,GIBI,"1",,,"43",PARC,PUB,AUC,AUC,AUC,AUC,AUC,AUC,AUC,FAETR,AUC,BLMTR,"75",NON, ,AUC,,, ,O,2021-10-12T20:33:56.000,TVJV,,DHP
"903","4437","4471",{4C61AFB3-8874-4FD3-8F86-4BBCA28B7750},"0",VOPA_093,ARBRE,ROPS,"1",,,"68",PARC,PUB,AUC,AUC,AUC,AUC,AUC,AUC,AUC,CARTR,CHICI,AUC,"25",OUIARB,NFU: nÃ©crose longitudinale de l'Ã©corce le long du tronc,ABSECT,90,TVERTE, ,O,2021-10-13T15:05:41.000,TVJV,,DHP
"904","4438","4472",{47FD4A34-6432-431E-9CCF-E47F5A64BB6A},"0",VOPA_093,ARBRE,ROPS,"1",,,"64",PARC,PUB,AUC,AUC,AUC,AUC,AUC,AUC,AUC,CARTR,AUC,DEP51,"15",OUIARB, ,ABSECT,90,TVERTE, ,O,2021-10-13T15:12:45.000,TVJV,,DHP
"905","4439","4473",{952264AB-E33C-4A03-B06A-1A1E9A56DB18},"0",VOPA_093,ARBRE,PNNIAU,"2",,,"47",PARC,PUB,AUC,AUC,AUC,AUC,AUC,AUC,AUC,AUC,AUC,AUC,"70",NON, ,AUC,,, ,O,2021-10-13T15:14:41.000,TVJV,,DHS
"906","4440","4474",{B6C61BAE-75CF-4563-87F1-0ED74887A31A},"0",VOPA_093,ARBRE,PSME,"1",,,"49",PARC,PUB,AUC,AUC,AUC,AUC,AUC,AUC,AUC,AUC,AUC,AUC,"70",NON, ,AUC,,, ,O,2021-10-13T15:16:43.000,TVJV,,DHP
"907","4441","4475",{0B48E7FE-0065-423F-A725-403B63313B85},"0",VOPA_093,ARBRE,THOC,"1",,,"22",PARC,PUB,AUC,AUC,AUC,AUC,AUC,AUC,AUC,AUC,AUC,AUC,"80",NON, ,AUC,,, ,O,2021-10-12T20:07:33.000,TVJV,,DHP
"908","4442","4476",{1B0F58BC-8AA3-4CDA-90FB-4AAFF178D393},"0",VOPA_093,ARBRE,ULAM,"4",,,"13,12,12,7",PARC,PUB,AUC,AUC,AUC,AUC,AUC,AUC,AUC,AUC,AUC,AUC,"60",NON, ,AUC,,, ,O,2021-10-12T20:05:46.000,TVJV,,DHP_X
"909","4443","4477",{EB03CDE1-0CF5-464B-92DD-B47B4E86CA1A},"0",VOPA_093,ARBRE,TIAM,"1",,,"14",PARC,PUB,AUC,AUC,AUC,AUC,AUC,AUC,AUC,AUC,AUC,AUC,"90",NON, ,AUC,,, ,O,2021-10-12T20:02:20.000,TVJV,,DHP
"910","4444","4478",{E100B236-AE53-40C8-B038-79C6F9A66A26},"0",VOPA_093,ARBRE,THOC,"3",,,"2423,17",PARC,PUB,AUC,AUC,AUC,AUC,AUC,AUC,AUC,CARRAC,CARTR,AUC,"30",NON, inclinaison anormale tronc,ABDIRE,2023,TVERTE, ,O,2021-10-12T20:00:10.000,TVJV,,DHP_X
"911","4445","4479",{811CA984-B1C3-4B90-AD02-B51AAD57FEBA},"0",VOPA_093,ARBRE,PIAB,"1",,,"40",PARC,PUB,AUC,AUC,AUC,AUC,AUC,AUC,AUC,AUC,AUC,AUC,"70",NON, ,AUC,,, ,O,2021-10-12T19:55:29.000,TVJV,,DHP
"912","4447","4481",{DD8E9519-1A8D-4224-8F16-586691191171},"0",VOPA_093,ARBRE,PIGL,"1",,,"16",PARC,PUB,AUC,AUC,AUC,AUC,AUC,AUC,AUC,AUC,AUC,DEP51,"15",NON, ,ABDIRE,2024,TVERTE, opprimé par vignes,O,2021-10-12T19:52:50.000,TVJV,,DHP
"913","4448","4482",{1CCBFABD-F589-4ED4-AC65-CA80EBF6956F},"0",VOPA_093,ARBRE,PIGL,"1",,,"15",PARC,PUB,AUC,AUC,AUC,AUC,AUC,AUC,AUC,AUC,AUC,DEP51,"15",NON, opprimé par vignes,ABDIRE,2024,TVERTE, ,O,2021-10-12T19:47:14.000,TVJV,,DHP
"914","4449","4483",{035E6D72-C4D4-429A-B66D-234DAC1AB530},"0",VOPA_093,ARBRE,ULAM,"1",,,"12",PARC,PUB,AUC,AUC,AUC,AUC,AUC,AUC,AUC,AUC,AUC,AUC,"100",NON, ,AUC,,, ,O,2021-10-12T19:45:21.000,TVJV,,DHP
"915","4450","4484",{2B89D24E-E348-44D4-91D2-A56DBFC843E2},"0",VOPA_093,ARBRE,ROPS,"1",,,"41",PARC,PUB,AUC,AUC,AUC,AUC,AUC,AUC,AUC,FOFTR,AUC,AUC,"65",NON, ,ABSECT,2022,, ,O,2021-10-19T16:40:13.000,TVGSM,,DHP
"916","4452","4486",{AAA754A2-2845-4D4E-AC2D-55BBF76F4330},"0",VOPA_093,ARBRE,ACPL,"2",,,"66",PARC,PUB,AUC,AUC,AUC,LAMPFO,TROPUB,AUC,AUC,FOFTR,CARTR,AUC,"30",OUIFC, ,ABSECT,90,TVERTE, ,O,2021-10-12T14:49:55.000,TVJV,,DHS
"917","4453","4487",{6C50C82C-7AB8-48D8-AF69-0CD9255DCF2F},"0",VOPA_093,ARBRE,FRPE,"1",,,"13",PARC,PUB,AUC,AUC,AUC,AUC,AUC,ADFBC,AUC,AUC,AUC,AUC,"60",NON, ,ABSECT,2024,TVERTE,Besoin de photos pr. 2021,O,2021-11-02T20:35:54.000,TVJV,,DHP
"918","4454","4488",{2E1D67FD-62FE-48ED-B9DC-D6DF618649D9},"0",VOPA_093,ARBRE,SYRE,"1",,,"23",PARC,PUB,COMME,AUC,AUC,AUC,AUC,AUC,AUC,AUC,AUC,AUC,"70",NON,,AUC,,, ,O,2021-10-13T14:36:12.000,TVJV,"L. Frank Moore. Plaque broken, waiting for response from wife",DHP
"919","4455","4489",{83542BC2-B468-4377-8AB4-A6BD3F624934},"0",VOPA_093,ARBRE,ROPS,"1",,,"24",PARC,PUB,AUC,AUC,AUC,AUC,AUC,AUC,AUC,AUC,AUC,AUC,"80",NON, ,AUC,,, ,O,2021-10-13T14:28:21.000,TVJV,,DHP
"920","4457","4491",{0C6EBE1B-70E9-4632-BA73-0C7028AA32AC},"0",VOPA_093,ARBRE,QURU,"1",,,"28",PARC,PUB,COMME,AUC,AUC,AUC,AUC,AUC,AUC,AUC,AUC,AUC,"80",NON,,,,,,O,2021-10-12T14:34:47.000,TVJV,Howard Bilerman And Leah Vineberg 2000 Chain broken,DHP
"921","4458","4492",{565672C7-EEB4-4F98-8DA5-D404F48F3578},"0",VOPA_093,ARBRE,ACSC,"1",,,"38",PARC,PUB,AUC,AUC,AUC,AUC,AUC,AUC,AUC,AUC,AUC,AUC,"80",NON, ,AUC,,, ,O,2021-10-12T20:20:44.000,TVJV,,DHP
"922","4459","4493",{558BBB30-F19F-42C4-84E8-B1C2137D4BA9},"0",VOPA_093,ARBRE,GIBI,"1",,,"53",PARC,PUB,AUC,AUC,AUC,AUC,AUC,AUC,AUC,FAETR,BCDCI,AUC,"75",NON, ,AUC,,, ,O,2021-10-12T20:10:29.000,TVJV,,DHP
"923","4461","4495",{F74A39CB-D26D-4343-84B4-C1C76F00C426},"0",VOPA_093,ARBRE,ACPLCK,"1",,,"63",PARC,PUB,AUC,AUC,AUC,AUC,AUC,AUC,AUC,FAETR,AUC,AUC,"80",NON, ,HAFLSD,2023,TVERTE, ,O,2021-10-12T20:23:16.000,TVJV,,DHP
"924","4462","4496",{417BD079-4AFA-4D14-BE67-81E6844D9025},"0",VOPA_093,ARBRE,ROPS,"2",,,"133",PARC,PUB,AUC,AUC,AUC,AUC,AUC,AUC,AUC,CARTR,FOFTR,DEP50,"30",OUIARB,"NFU: nÃ©crose longitudinale de l'Ã©corce sur un des troncs, Fourche principale ouverte",ABSECT,90,TVERTE,"NFU: couper seulement le troc avec La Fourche principale fendue
TVJV : carie important au deux troncs, abattre les deux ",O,2021-10-12T20:16:48.000,TVJV,,DHS
"925","4463","4497",{56A3BA30-023B-4A5E-BC98-4D86C885C445},"0",VOPA_093,ARBRE,ACPLCK,"1",,,"65",PARC,PUB,AUC,AUC,AUC,AUC,AUC,AUC,CHETR,FAETR,GELTR,AUC,"70",NON, ,HAFLSD,2023,TVERTE, ,O,2021-10-12T20:28:16.000,TVJV,,DHP
"926","4464","4498",{5F058C7F-FEE3-43CB-A0E3-623C13622495},"0",VOPA_093,ARBRE,GIBI,"1",,,"43",PARC,PUB,AUC,AUC,AUC,AUC,AUC,AUC,AUC,FAECI,AUC,AUC,"80",NON, ,ELALLE,2024,TVERTE, réduire tête codominante,O,2021-10-12T20:35:51.000,TVJV,,DHP
"927","4465","4499",{DF39FDBC-712E-4DB1-9689-DA9E20C2356A},"0",VOPA_093,ARBRE,GIBI,"1",,,"33",PARC,PUB,AUC,AUC,AUC,AUC,AUC,AUC,AUC,AUC,AUC,BLMTR,"75",NON, ,AUC,,, ,O,2021-10-14T21:02:48.000,TVJV,,DHP
"928","4466","4500",{5BFAF732-A564-4A84-9C9C-283C438F0812},"0",VOPA_093,ARBRE,ROPS,"1",,,"14",PARC,PUB,COMME,AUC,AUC,AUC,AUC,AUC,AUC,AUC,AUC,BLMTR,"70",NON,,AUC,,, ,O,2021-10-14T21:04:02.000,TVJV,Daniel Freedman 1917-2011,DHP
"929","4469","4503",{8FF12D86-ED5A-4A91-9C6C-10564E4F9D9F},"0",VOPA_093,ARBRE,ACPL,"3",,,"23,22,19",PARC,PUB,AUC,AUC,AUC,AUC,AUC,AUC,CHETR,FAETR,BCDCI,AUC,"50",NON, ,ABSECT,2024,TVERTE, ,O,2021-10-14T11:43:03.000,TVJV,,DHP_X
"930","4470","4504",{BAD337BB-25FB-4444-9CA3-DDD4FE80D762},"0",VOPA_093,ARBRE,ACPL,"3",,,"22,21,17",PARC,PUB,AUC,AUC,AUC,AUC,AUC,AUC,AUC,FAETR,AUC,AUC,"75",NON, ,AUC,,, ,O,2021-10-14T11:49:38.000,TVJV,,DHP_X
"931","4471","4505",{3D0D35A9-FFBE-475D-85EF-106F34A559E3},"0",VOPA_093,ARBRE,ACRU,"1",,,"38",PARC,PUB,AUC,AUC,AUC,AUC,AUC,AUC,AUC,AUC,AUC,BLMTR,"75",NON, ,AUC,,, ,O,2021-10-14T11:54:50.000,TVJV,,DHP
"932","4472","4506",{0D2144EC-5B8A-44A3-B7E1-52B986176D4E},"0",VOPA_093,ARBRE,ROPS,"1",,,"73",PARC,PUB,AUC,AUC,AUC,AUC,AUC,AUC,CPORAC,CARTR,FOFBC,AUC,"50",NON,NFU: nÃ©crose longitudinale de l'Ã©corce le long du tronc,ABSECT,2022,TVERTE, ,O,2021-10-14T12:04:40.000,TVJV,,DHP
"933","4473","4507",{4A31C86B-AAF2-4CFA-8B8F-C9334583BE14},"0",VOPA_093,ARBRE,ACSA,"1",,,"115",PARC,PUB,AUC,AUC,AUC,AUC,AUC,AUC,AUC,CVSBC,CARTR,AUC,"40",NON, bactérie important (Agrobacterium tubescens),HAFLSS,2022,TVERTE, ,O,2021-10-14T21:36:11.000,TVJV,,DHP
"934","4475","4509",{6403EC3A-2342-41BC-BA5A-8F2DE1CCFBC5},"0",VOPA_093,ARBRE,ROPS,"1",,,,PARC,PUB,AUC,AUC,AUC,AUC,AUC,IPETR,CPOBS,CARTR,AUC,AUC,"55",NON, ,INSPRE,2023,TVERTE, carie et déperissement à surveiller,O,2021-10-14T20:56:26.000,TVJV,,DHP
"935","4476","4510",{EA74E1E0-C226-4063-ACF0-03C653FDA3B0},"0",VOPA_093,ARBRE,ROPS,"1",,,"75",PARC,PUB,AUC,AUC,AUC,AUC,AUC,AUC,AUC,CVSTR,AUC,AUC,"50",NON, ,ABSECT,2023,TVERTE, ,O,2021-10-14T20:47:38.000,TVJV,,DHP
"936","4477","4511",{DAA74E19-0A51-44DF-9F8B-F71C6CD376C9},"0",VOPA_093,ARBRE,ACPL,"2",,,"45,32",PARC,PUB,AUC,AUC,AUC,BATIM,AUC,AUC,CHETR,FOFTR,AUC,AUC,"40",OUIARB, ,ABSECT,90,TVERTE, ,O,2021-10-14T20:20:26.000,TVJV,,DHP_X
"937","4478","4512",{EB14DED7-EE58-4DBD-9838-859FA75828F0},"0",VOPA_093,ARBRE,ROPS,"1",,,"71",PARC,PUB,AUC,AUC,AUC,AUC,AUC,IPETR,AUC,CARTR,BOMCI,AUC,"50",NON, ,INSPRE,2023,TVERTE, surveiller déperissement et carie,O,2021-10-14T20:07:42.000,TVJV,,DHP
"938","4479","4513",{439001CD-91A0-4415-B78F-A7AA9B6EBF56},"0",VOPA_093,ARBRE,ROPS,"1",,,"59",PARC,PUB,AUC,AUC,AUC,FILCOM,BATIM,AUC,AUC,CARTR,AUC,AUC,"40",OUITR, ,ABSECT,90,TVERTE, ,O,2021-10-14T20:12:48.000,TVJV,,DHP
"939","4480","4514",{D42C9169-2041-40B4-B2A7-F9F3F00234F7},"0",VOPA_093,ARBRE,ROPS,"1",,,"45",PARC,PUB,AUC,AUC,AUC,AUC,AUC,IPETR,AUC,CARTR,TEMCI,AUC,"15",OUIARB, ,ABSECT,90,TVERTE, ,O,2021-10-14T19:52:36.000,TVJV,,DHP
"940","4482","4516",{4BFF9E1C-FFCB-4247-A29D-839B5D24F75C},"0",VOPA_093,ARBRE,ROPS,"1",,,"66",PARC,PUB,AUC,AUC,AUC,AUC,AUC,IPETR,AUC,CARTR,TEMCI,AUC,"40",NON, ,ABSECT,2023,TVERTE, ,O,2021-10-14T20:32:32.000,TVJV,,DHP
"941","4483","4517",{7C240867-FC5E-400E-ACBD-84CB6963F710},"0",VOPA_093,ARBRE,ROPS,"1",,,"47",PARC,PUB,AUC,AUC,AUC,AUC,AUC,IPETR,AUC,CARTR,TEMCI,AUC,"40",NON, ,ABSECT,2023,TVERTE, ,O,2021-10-14T20:38:08.000,TVJV,,DHP
"942","4484","4518",{CB141F42-9290-40F5-B52B-27DAD9482422},"0",VOPA_093,ARBRE,ROPS,"1",,,"73",PARC,PUB,AUC,AUC,AUC,AUC,AUC,IPETR,AUC,CARTR,TEMCI,AUC,"30",OUIARB, carie aux racines,ABSECT,90,TVERTE, ,O,2021-10-14T18:41:04.000,TVJV,,DHP
"943","4485","4519",{55087246-2BBC-4A1C-8CFC-170FE75A441C},"0",VOPA_093,ARBRE,ROPS,"1",,,"74",PARC,PUB,AUC,AUC,AUC,AUC,AUC,AUC,CPOTR,AUC,AUC,AUC,"50",NON,NFu: fructification de carie sur branche principale la plus basse,INSPRE,2023,TVERTE, Surveiller dépérissement,O,2021-10-19T16:30:48.000,TVGSM,,DHP
"945","6427","6486",{92558816-321E-471C-8D50-584BB4714CE5},"0",VOPA_093,ARBRE,JNCH,"1",,,"17",PARC,PUB,AUC,AUC,AUC,AUC,AUC,AUC,AUC,AUC,AUC,AUC,"60",NON, ,AUC,,, ,O,2021-10-13T15:35:07.000,TVJV,,DHP
"952","6700","6765",{8DD96B22-9490-455F-A55A-D8E6855B1033},,VOPA_093,ARBRE,JUCI,"1",,,"34",PARC,PUB,AUC,AUC,AUC,FILDEN,HAUHQ,AUC,CGATR,CARRAC,AUC,AUC,,OUIARB,,ABSEHQ,90,TVERTE,,O,2021-10-12T13:01:35.000,TVJV,,DHP
"953","6701","6766",{9751BDBF-A95D-4929-BA5A-E3ED389518DC},,VOPA_093,ARBRE,TIAMBO,"1",,,"34",PARC,PUB,AUC,AUC,AUC,AUC,AUC,AUC,AUC,AUC,AUC,AUC,"75",NON,,AUC,,,,O,2021-10-12T13:03:58.000,TVJV,,DHP
"954","6702","6767",{BD88D4E2-40DB-4339-A331-B49297A78643},,VOPA_093,ARBRE,ACSA,"1",,,"72",PARC,PUB,AUC,AUC,AUC,FILDEN,AUC,AUC,AUC,CARTR,CVSTR,AUC,"30",OUIARB,,ABSEHQ,30,TVERTE,carie et défauts structuraux importants près du réseau,O,2021-10-08T20:12:14.000,TVJV,,DHP
"991","7373","0",{23D6D941-013A-4CBF-A8F4-890C14E03453},"6",VOPA_083,ARBRE,ROPS,"2",,,"69,64",PARC,A_DET,,HAUAF1,,BATIM,BATACC,,CPOBC,FOFTR,CARCI,,"55",OUIBC,,ELSECU,90,TVERTE,"retirer branche primaire côté S, dégagement bâtiment, hauban à revoir",O,2021-10-13T20:13:46.000,TVJV,,DHP_X
"992","7374","0",{FA87A7CC-C5CF-4E62-AABB-790C2D256607},,VOPA_093,ARBRE,ULAM,,,,"17",PARC,PUB,,,,,,,,,,,"80",NON,,,,,,O,2021-10-14T11:52:53.000,TVJV,,DHP
"993","7375","0",{E9287DB3-70DA-46F2-8AD0-6EB57409FC95},,VOPA_093,ARBRE,ROPS,"1",,,"15",PARC,PUB,,,,,,,,,,,"70",NON,,,,,,O,2021-10-14T15:21:34.000,TVJV,,DHP
"994","7376","0",{10B642D3-E6CE-49E0-B5A6-A0299DBC0DC6},,VOPA_093,ARBRE,ROPS,,,,"10",PARC,PUB,,,,,,,,,,,"80",NON,,,,,,O,2021-10-14T15:37:34.000,TVJV,,DHP
"995","7377","0",{6F210A19-BFBA-4E4C-8DB0-2C705F6E9422},,VOPA_100,ARBRE,ROPS,"1",,,"15",PARC,PUB,,,,BATIM,,,,CARTR,CARRAC,BLMTR,"30",NON,tronc touche bâtiment,ABSECT,2023,TVERTE,,O,2021-10-14T15:55:21.000,TVJV,,DHP
"996","7378","0",{E3FDF141-79BB-4DFB-A99D-3C71DC437B74},,VOPA_100,ARBRE,THOC,,,,"18",PARC,PUB,,,,BATIM,,,,CARTR,,,"50",NON,tronc touche bâtiment,ABSECT,2023,TVERTE,,O,2021-10-14T15:58:29.000,TVJV,,DHP
"997","7379","0",{B331A6BE-F1DC-4F79-A753-E028C1ABFB03},,VOPA_100,ARBRE,PHAM,"1",,,"10",PARC,PUB,,,,BATACC,,,,,,,"80",NON,,,,,,O,2021-10-14T17:05:35.000,TVJV,,DHP
"998","7380","0",{A69114B6-FB08-4F4A-92C5-35EC429BCB14},,VOPA_100,ARBRE,CEOC,"1",,,"22",PARC,PUB,,,,,,,,,,,"80",NON,,ELDEGA,2024,TVERTE,vignes à dégager,O,2021-10-14T20:02:17.000,TVJV,,DHP
"999","7382","0",{1A28E92A-D1FA-4828-A59F-7916B975850D},,VOPA_100,ARBRE,FRSP,"1",,,"13",PARC,PUB,,,,,,,,,,,"0",NON,,ABSECT,2023,TVERTE,,O,2021-10-14T20:16:00.000,TVJV,,DHP
"1000","7383","0",{9768F321-62A3-47FF-90B8-672BB329683D},,VOPA_100,ARBRE,ACPL,"1",,,"17",PARC,PUB,,,,BATIM,,,,,,,"80",NON,,ABSECT,2024,TVERTE,tronc trop près du bâtiment <3m et beaucoup d'interférence par couronne,O,2021-10-14T20:23:48.000,TVJV,,DHP
"1001","7384","0",{67F92690-882F-45D3-AE72-536ACEFE5439},,VOPA_100,ARBRE,ACPL,"1",,,"16",PARC,PUB,,,,BATIM,,,,,,,"80",NON,,,,,,O,2021-10-14T20:23:48.000,TVJV,,DHP
"1002","7385","0",{3EB3C53C-4A22-4CA6-8520-2F1530AD722F},,VOPA_100,ARBRE,ROPS,"1",,,"60",PARC,PUB,,,,,,,,CARTR,,DEP25,"50",NON,,INSPRE,2023,TVERTE,déperissement et carie à surveiller,O,2021-10-14T21:08:37.000,TVJV,,DHP
"1157","7582","0",{FDF4C50A-C1F2-495A-B5D4-BDADE5951E4C},,VOPA_093,ARBRE,ULAM,"1",,,"12",PARC,PUB,,,,,,,,,,,"90",NON,arbre sauvage,,,,,O,2021-11-02T20:42:19.000,TVJV,,DHP
"1158","7583","0",{688854F3-4D48-4246-AD1A-35384590BD6A},,VOPA_093,ARBRE,ACSA,"1",,,"10,7",PARC,PUB,,,,,,,,FAETR,,,"90",NON,arbre sauvage,ELTAFO,2023,TVERTE,retirer la plus petite tige,O,2021-11-02T20:42:19.000,TVJV,,DHP_X
