"","X","Plot","Plot.code","Classification","GS.Type","Site.Type","Site.Code","Genus.Code","Species.Code","Cultivar.Code","Species.Latin","Species.Common","DBH","Native_SLL","Native_ETF","Origin.Source","Comments"
"8155",8456,"UQAM",3,"Private","Private Yards","Y","Y2100","AC","ACNE","ACNE","Acer negundo","Manitoba Maple",427,"N","Y","USDA/TC/LM/Mortens",""
"8156",8457,"UQAM",3,"Private","Private Yards","Y","Y2101","UL","ULPU","ULPU","Ulmus pumila","Siberian Elm",75,"N","N","USDA/TC/LM",""
"8157",8458,"UQAM",3,"Private","Private Yards","Y","Y2101","UL","ULPU","ULPU","Ulmus pumila","Siberian Elm",141,"N","N","USDA/TC/LM",""
"8158",8459,"UQAM",3,"Private","Private Yards","Y","Y2101","UL","ULPU","ULPU","Ulmus pumila","Siberian Elm",47,"N","N","USDA/TC/LM",""
"8159",8460,"UQAM",3,"Private","Private Yards","Y","Y2101","UL","ULHO","ULHOPI","Ulmus x hollandica 'Pioneer'","Pioneer Elm",365,"N","N","Mortens",""
"8160",8461,"UQAM",3,"Private","Private Yards","Y","Y2101","UL","ULPU","ULPU","Ulmus pumila","Siberian Elm",150,"N","N","USDA/TC/LM",""
"8161",8462,"UQAM",3,"Private","Private Yards","Y","Y2101","UL","ULPU","ULPU","Ulmus pumila","Siberian Elm",222,"N","N","USDA/TC/LM",""
"8162",8463,"UQAM",3,"Private","Private Yards","Y","Y2101","UL","ULPU","ULPU","Ulmus pumila","Siberian Elm",118,"N","N","USDA/TC/LM",""
"8163",8464,"UQAM",3,"Private","Private Yards","Y","Y2103","AC","ACPL","ACPL","Acer platanoides","Norway Maple",29,"N","N","USDA/TC",""
"8164",8465,"UQAM",3,"Private","Private Yards","Y","Y2103","AC","ACPL","ACPL","Acer platanoides","Norway Maple",346,"N","N","USDA/TC",""
"8165",8466,"UQAM",3,"Private","Private Yards","Y","Y2103","TH","THOC","THOC","Thuja occidentalis","Eastern White Cedar",134,"Y","Y","USDA/TC/LM",""
"8166",8467,"UQAM",3,"Private","Private Yards","Y","Y2103","MA","MA","MA","Magnolia x ","",458,"N","N",NA,""
"8167",8468,"UQAM",3,"Private","Private Yards","Y","Y2103","MA","MA","MA","Magnolia x ","",277,"N","N",NA,""
"8168",8469,"UQAM",3,"Private","Private Yards","Y","Y2103","UL","ULHO","ULHOPI","Ulmus x hollandica 'Pioneer'","Pioneer Elm",308,"N","N","Mortens",""
"8169",8470,"UQAM",3,"Private","Private Yards","Y","Y2103","PI","PIPU","PIPU","Picea pungens","Colorado Spruce",278,"N","N","USDA/TC/LM",""
"8170",8471,"UQAM",3,"Private","Private Yards","Y","Y2103","UL","ULHO","ULHOPI","Ulmus x hollandica 'Pioneer'","Pioneer Elm",425,"N","N","Mortens",""
"8171",8472,"UQAM",3,"Private","Private Yards","Y","Y2103","MA","MA","MA","Magnolia x ","",38,"N","N",NA,""
"8172",8473,"UQAM",3,"Private","Private Yards","Y","Y2103","AC","ACPL","ACPL","Acer platanoides","Norway Maple",229,"N","N","USDA/TC",""
"8173",8474,"UQAM",3,"Private","Private Yards","Y","Y2103","AC","ACPL","ACPL","Acer platanoides","Norway Maple",378,"N","N","USDA/TC",""
"8174",8475,"UQAM",3,"Private","Private Yards","Y","Y2103","AC","ACPL","ACPL","Acer platanoides","Norway Maple",342,"N","N","USDA/TC",""
"8175",8476,"UQAM",3,"Private","Private Yards","Y","Y2103","PN","PNRE","PNRE","Pinus resinosa","Red Pine",274,"Y","Y","USDA/TC/LM",""
"8176",8477,"UQAM",3,"Private","Private Yards","Y","Y2103","PN","PNRE","PNRE","Pinus resinosa","Red Pine",298,"Y","Y","USDA/TC/LM",""
"8177",8478,"UQAM",3,"Private","Private Yards","Y","Y2103","GY","GYDI","GYDI","Gymnocladus dioicus","Kentucky Coffee Tree",233,"N","Y","USDA/LM",""
"8178",8479,"UQAM",3,"Private","Private Yards","Y","Y2103","TH","THOC","THOC","Thuja occidentalis","Eastern White Cedar",49,"Y","Y","USDA/TC/LM",""
"8179",8480,"UQAM",3,"Private","Private Yards","Y","Y2103","TH","THOC","THOC","Thuja occidentalis","Eastern White Cedar",74,"Y","Y","USDA/TC/LM",""
"8180",8481,"UQAM",3,"Private","Private Yards","Y","Y2103","TH","THOC","THOC","Thuja occidentalis","Eastern White Cedar",60,"Y","Y","USDA/TC/LM",""
"8181",8482,"UQAM",3,"Private","Private Yards","Y","Y2103","TH","THOC","THOC","Thuja occidentalis","Eastern White Cedar",83,"Y","Y","USDA/TC/LM",""
"8182",8483,"UQAM",3,"Private","Private Yards","Y","Y2103","TH","THOC","THOC","Thuja occidentalis","Eastern White Cedar",79,"Y","Y","USDA/TC/LM",""
"8183",8484,"UQAM",3,"Private","Private Yards","Y","Y2103","TH","THOC","THOC","Thuja occidentalis","Eastern White Cedar",77,"Y","Y","USDA/TC/LM",""
"8184",8485,"UQAM",3,"Private","Private Yards","Y","Y2103","TH","THOC","THOC","Thuja occidentalis","Eastern White Cedar",69,"Y","Y","USDA/TC/LM",""
"8185",8486,"UQAM",3,"Private","Private Yards","Y","Y2103","TH","THOC","THOC","Thuja occidentalis","Eastern White Cedar",91,"Y","Y","USDA/TC/LM",""
"8186",8487,"UQAM",3,"Private","Private Yards","Y","Y2103","TH","THOC","THOC","Thuja occidentalis","Eastern White Cedar",75,"Y","Y","USDA/TC/LM",""
"8187",8488,"UQAM",3,"Private","Private Yards","Y","Y2103","TH","THOC","THOC","Thuja occidentalis","Eastern White Cedar",94,"Y","Y","USDA/TC/LM",""
"8188",8489,"UQAM",3,"Private","Private Yards","Y","Y2103","TH","THOC","THOC","Thuja occidentalis","Eastern White Cedar",98,"Y","Y","USDA/TC/LM",""
"8189",8490,"UQAM",3,"Private","Private Yards","Y","Y2103","TH","THOC","THOC","Thuja occidentalis","Eastern White Cedar",59,"Y","Y","USDA/TC/LM",""
"8190",8491,"UQAM",3,"Private","Private Yards","Y","Y2103","TH","THOC","THOC","Thuja occidentalis","Eastern White Cedar",100,"Y","Y","USDA/TC/LM",""
"8191",8492,"UQAM",3,"Private","Private Yards","Y","Y2103","TH","THOC","THOC","Thuja occidentalis","Eastern White Cedar",93,"Y","Y","USDA/TC/LM",""
"8192",8493,"UQAM",3,"Private","Private Yards","Y","Y2103","TH","THOC","THOC","Thuja occidentalis","Eastern White Cedar",112,"Y","Y","USDA/TC/LM",""
"8193",8494,"UQAM",3,"Private","Private Yards","Y","Y2103","TH","THOC","THOC","Thuja occidentalis","Eastern White Cedar",79,"Y","Y","USDA/TC/LM",""
"8194",8495,"UQAM",3,"Private","Private Yards","Y","Y2103","TH","THOC","THOC","Thuja occidentalis","Eastern White Cedar",125,"Y","Y","USDA/TC/LM",""
"8195",8496,"UQAM",3,"Private","Private Yards","Y","Y2103","TH","THOC","THOC","Thuja occidentalis","Eastern White Cedar",82,"Y","Y","USDA/TC/LM",""
"8196",8497,"UQAM",3,"Private","Private Yards","Y","Y2103","TH","THOC","THOC","Thuja occidentalis","Eastern White Cedar",105,"Y","Y","USDA/TC/LM",""
"8197",8498,"UQAM",3,"Private","Private Yards","Y","Y2103","TH","THOC","THOC","Thuja occidentalis","Eastern White Cedar",96,"Y","Y","USDA/TC/LM",""
"8198",8499,"UQAM",3,"Private","Private Yards","Y","Y2103","TH","THOC","THOC","Thuja occidentalis","Eastern White Cedar",69,"Y","Y","USDA/TC/LM",""
"8199",8500,"UQAM",3,"Private","Private Yards","Y","Y2103","TH","THOC","THOC","Thuja occidentalis","Eastern White Cedar",101,"Y","Y","USDA/TC/LM",""
"8200",8501,"UQAM",3,"Private","Private Yards","Y","Y2103","TH","THOC","THOC","Thuja occidentalis","Eastern White Cedar",88,"Y","Y","USDA/TC/LM",""
"8201",8502,"UQAM",3,"Private","Private Yards","Y","Y2103","TH","THOC","THOC","Thuja occidentalis","Eastern White Cedar",147,"Y","Y","USDA/TC/LM",""
"8202",8503,"UQAM",3,"Private","Private Yards","Y","Y2103","TH","THOC","THOC","Thuja occidentalis","Eastern White Cedar",64,"Y","Y","USDA/TC/LM",""
"8203",8504,"UQAM",3,"Private","Private Yards","Y","Y2103","TH","THOC","THOC","Thuja occidentalis","Eastern White Cedar",58,"Y","Y","USDA/TC/LM",""
"8204",8505,"UQAM",3,"Private","Private Yards","Y","Y2103","TH","THOC","THOC","Thuja occidentalis","Eastern White Cedar",89,"Y","Y","USDA/TC/LM",""
"8205",8506,"UQAM",3,"Private","Private Yards","Y","Y2103","TH","THOC","THOC","Thuja occidentalis","Eastern White Cedar",94,"Y","Y","USDA/TC/LM",""
"8206",8507,"UQAM",3,"Private","Private Yards","Y","Y2103","TH","THOC","THOC","Thuja occidentalis","Eastern White Cedar",62,"Y","Y","USDA/TC/LM",""
"8207",8508,"UQAM",3,"Private","Private Yards","Y","Y2103","TH","THOC","THOC","Thuja occidentalis","Eastern White Cedar",89,"Y","Y","USDA/TC/LM",""
"8208",8509,"UQAM",3,"Private","Private Yards","Y","Y2103","TH","THOC","THOC","Thuja occidentalis","Eastern White Cedar",65,"Y","Y","USDA/TC/LM",""
"8209",8510,"UQAM",3,"Private","Private Yards","Y","Y2103","TH","THOC","THOC","Thuja occidentalis","Eastern White Cedar",83,"Y","Y","USDA/TC/LM",""
"8210",8511,"UQAM",3,"Private","Private Yards","Y","Y2103","TH","THOC","THOC","Thuja occidentalis","Eastern White Cedar",56,"Y","Y","USDA/TC/LM",""
"8211",8512,"UQAM",3,"Private","Private Yards","Y","Y2103","TH","THOC","THOC","Thuja occidentalis","Eastern White Cedar",95,"Y","Y","USDA/TC/LM",""
"8212",8513,"UQAM",3,"Private","Private Yards","Y","Y2103","TH","THOC","THOC","Thuja occidentalis","Eastern White Cedar",53,"Y","Y","USDA/TC/LM",""
"8213",8514,"UQAM",3,"Private","Private Yards","Y","Y2103","TH","THOC","THOC","Thuja occidentalis","Eastern White Cedar",54,"Y","Y","USDA/TC/LM",""
"8214",8515,"UQAM",3,"Private","Private Yards","Y","Y2103","TH","THOC","THOC","Thuja occidentalis","Eastern White Cedar",53,"Y","Y","USDA/TC/LM",""
"8215",8516,"UQAM",3,"Private","Private Yards","Y","Y2103","TH","THOC","THOC","Thuja occidentalis","Eastern White Cedar",66,"Y","Y","USDA/TC/LM",""
"8216",8517,"UQAM",3,"Private","Private Yards","Y","Y2103","TH","THOC","THOC","Thuja occidentalis","Eastern White Cedar",61,"Y","Y","USDA/TC/LM",""
"8217",8518,"UQAM",3,"Private","Private Yards","Y","Y2103","TH","THOC","THOC","Thuja occidentalis","Eastern White Cedar",60,"Y","Y","USDA/TC/LM",""
"8218",8519,"UQAM",3,"Private","Private Yards","Y","Y2103","TH","THOC","THOC","Thuja occidentalis","Eastern White Cedar",43,"Y","Y","USDA/TC/LM",""
"8219",8520,"UQAM",3,"Private","Private Yards","Y","Y2103","TH","THOC","THOC","Thuja occidentalis","Eastern White Cedar",50,"Y","Y","USDA/TC/LM",""
"8220",8521,"UQAM",3,"Private","Private Yards","Y","Y2103","TH","THOC","THOC","Thuja occidentalis","Eastern White Cedar",44,"Y","Y","USDA/TC/LM",""
"8221",8522,"UQAM",3,"Private","Private Yards","Y","Y2103","TH","THOC","THOC","Thuja occidentalis","Eastern White Cedar",62,"Y","Y","USDA/TC/LM",""
"8222",8523,"UQAM",3,"Private","Private Yards","Y","Y2103","TH","THOC","THOC","Thuja occidentalis","Eastern White Cedar",50,"Y","Y","USDA/TC/LM",""
"8223",8524,"UQAM",3,"Private","Private Yards","Y","Y2103","TH","THOC","THOC","Thuja occidentalis","Eastern White Cedar",49,"Y","Y","USDA/TC/LM",""
"8224",8525,"UQAM",3,"Private","Private Yards","Y","Y2103","TH","THOC","THOC","Thuja occidentalis","Eastern White Cedar",69,"Y","Y","USDA/TC/LM",""
"8225",8526,"UQAM",3,"Private","Private Yards","Y","Y2103","TH","THOC","THOC","Thuja occidentalis","Eastern White Cedar",76,"Y","Y","USDA/TC/LM",""
"8226",8527,"UQAM",3,"Private","Private Yards","Y","Y2103","TH","THOC","THOC","Thuja occidentalis","Eastern White Cedar",62,"Y","Y","USDA/TC/LM",""
"8227",8528,"UQAM",3,"Private","Private Yards","Y","Y2103","TH","THOC","THOC","Thuja occidentalis","Eastern White Cedar",68,"Y","Y","USDA/TC/LM",""
"8228",8529,"UQAM",3,"Private","Private Yards","Y","Y2103","TH","THOC","THOC","Thuja occidentalis","Eastern White Cedar",31,"Y","Y","USDA/TC/LM",""
"8229",8530,"UQAM",3,"Private","Private Yards","Y","Y2103","TH","THOC","THOC","Thuja occidentalis","Eastern White Cedar",55,"Y","Y","USDA/TC/LM",""
"8230",8531,"UQAM",3,"Private","Private Yards","Y","Y2103","TH","THOC","THOC","Thuja occidentalis","Eastern White Cedar",113,"Y","Y","USDA/TC/LM",""
"8231",8532,"UQAM",3,"Private","Private Yards","Y","Y2103","TH","THOC","THOC","Thuja occidentalis","Eastern White Cedar",83,"Y","Y","USDA/TC/LM",""
"8232",8533,"UQAM",3,"Private","Private Yards","Y","Y2103","MA","MA","MA","Magnolia x ","",281,"N","N",NA,""
"8233",8534,"UQAM",3,"Private","Private Yards","Y","Y2103","TH","THOC","THOC","Thuja occidentalis","Eastern White Cedar",93,"Y","Y","USDA/TC/LM",""
"8234",8535,"UQAM",3,"Private","Private Yards","Y","Y2103","MA","MA","MA","Magnolia x ","",323,"N","N",NA,""
"8235",8536,"UQAM",3,"Private","Private Yards","Y","Y2103","MA","MA","MA","Magnolia x ","",102,"N","N",NA,""
"8236",8537,"UQAM",3,"Private","Private Yards","Y","Y2103","TH","THOC","THOC","Thuja occidentalis","Eastern White Cedar",142,"Y","Y","USDA/TC/LM",""
"8237",8538,"UQAM",3,"Private","Private Yards","Y","Y2103","TH","THOC","THOC","Thuja occidentalis","Eastern White Cedar",65,"Y","Y","USDA/TC/LM",""
"8238",8539,"UQAM",3,"Private","Private Yards","Y","Y2103","TH","THOC","THOC","Thuja occidentalis","Eastern White Cedar",125,"Y","Y","USDA/TC/LM",""
"8239",8540,"UQAM",3,"Private","Private Yards","Y","Y2103","TH","THOC","THOC","Thuja occidentalis","Eastern White Cedar",56,"Y","Y","USDA/TC/LM",""
"8240",8541,"UQAM",3,"Private","Private Yards","Y","Y2103","TH","THOC","THOC","Thuja occidentalis","Eastern White Cedar",85,"Y","Y","USDA/TC/LM",""
"8241",8542,"UQAM",3,"Private","Private Yards","Y","Y2103","TH","THOC","THOC","Thuja occidentalis","Eastern White Cedar",47,"Y","Y","USDA/TC/LM",""
"8242",8543,"UQAM",3,"Private","Private Yards","Y","Y2103","TH","THOC","THOC","Thuja occidentalis","Eastern White Cedar",98,"Y","Y","USDA/TC/LM",""
"8254",8556,"UQAM",3,"Private","Private Yards","Y","Y2104","AC","ACFR","ACFR","Acer x freemannii","FREEMAN MAPLE",96,"Y","Y","Mortens/LM","Hybrid of two SLL native species: Acer saccharinum & Acer rubrum"
"8255",8557,"UQAM",3,"Private","Private Yards","Y","Y2104","GY","GYDI","GYDI","Gymnocladus dioicus","Kentucky Coffee Tree",46,"N","Y","USDA/LM",""
"8256",8558,"UQAM",3,"Private","Private Yards","Y","Y2104","GY","GYDI","GYDI","Gymnocladus dioicus","Kentucky Coffee Tree",43,"N","Y","USDA/LM",""
"8257",8559,"UQAM",3,"Private","Private Yards","Y","Y2104","AC","ACNE","ACNE","Acer negundo","Manitoba Maple",615,"N","Y","USDA/TC/LM/Mortens",""
"8258",8560,"UQAM",3,"Private","Private Yards","Y","Y2104","AC","ACNE","ACNE","Acer negundo","Manitoba Maple",222,"N","Y","USDA/TC/LM/Mortens",""
"8259",8561,"UQAM",3,"Private","Private Yards","Y","Y2104","AC","ACNE","ACNE","Acer negundo","Manitoba Maple",54,"N","Y","USDA/TC/LM/Mortens",""
"8260",8562,"UQAM",3,"Private","Private Yards","Y","Y2104","AC","ACNE","ACNE","Acer negundo","Manitoba Maple",397,"N","Y","USDA/TC/LM/Mortens",""
"8261",8563,"UQAM",3,"Private","Private Yards","Y","Y2105","AC","ACNE","ACNE","Acer negundo","Manitoba Maple",71,"N","Y","USDA/TC/LM/Mortens",""
"8262",8564,"UQAM",3,"Private","Private Yards","Y","Y2105","AC","ACNE","ACNE","Acer negundo","Manitoba Maple",76,"N","Y","USDA/TC/LM/Mortens",""
"8263",8565,"UQAM",3,"Private","Private Yards","Y","Y2105","AC","ACNE","ACNE","Acer negundo","Manitoba Maple",98,"N","Y","USDA/TC/LM/Mortens",""
"8264",8566,"UQAM",3,"Private","Private Yards","Y","Y2105","AC","ACNE","ACNE","Acer negundo","Manitoba Maple",85,"N","Y","USDA/TC/LM/Mortens",""
"8265",8567,"UQAM",3,"Private","Private Yards","Y","Y2105","AC","ACNE","ACNE","Acer negundo","Manitoba Maple",106,"N","Y","USDA/TC/LM/Mortens",""
"9285",9610,"UQAM",3,"Private","Private Yards","Y","Y2001","GL","GLTR","GLTR","Gleditsia triacanthos","Common Honey-Locust",299,"N","Y","USDA/TC/LM",""
"9286",9611,"UQAM",3,"Private","Private Yards","Y","Y2001","AC","ACNE","ACNE","Acer negundo","Manitoba Maple",291,"N","Y","USDA/TC/LM/Mortens",""
"9287",9612,"UQAM",3,"Private","Private Yards","Y","Y2001","AC","ACNE","ACNE","Acer negundo","Manitoba Maple",144,"N","Y","USDA/TC/LM/Mortens",""
"9288",9613,"UQAM",3,"Private","Private Yards","Y","Y2001","AC","ACNE","ACNE","Acer negundo","Manitoba Maple",137,"N","Y","USDA/TC/LM/Mortens",""
"9289",9614,"UQAM",3,"Private","Private Yards","Y","Y2001","UL","ULPU","ULPU","Ulmus pumila","Siberian Elm",57,"N","N","USDA/TC/LM",""
"9290",9615,"UQAM",3,"Private","Private Yards","Y","Y2001","AC","ACNE","ACNE","Acer negundo","Manitoba Maple",81,"N","Y","USDA/TC/LM/Mortens",""
"9291",9616,"UQAM",3,"Private","Private Yards","Y","Y2001","AC","ACNE","ACNE","Acer negundo","Manitoba Maple",202,"N","Y","USDA/TC/LM/Mortens",""
"9292",9618,"UQAM",3,"Private","Private Yards","Y","Y2001","JU","JUVI","JUVI","Juniperus virginiana","",135,"Y","Y","https://www.fs.fed.us/database/feis/plants/tree/junvir/all.html",""
"9293",9619,"UQAM",3,"Private","Private Yards","Y","Y2001","JU","JUCI","JUCI","Juglans cinerea","Butternut",80,"Y","Y","USDA/TC/LM",""
"9294",9620,"UQAM",3,"Private","Private Yards","Y","Y2001","AC","ACNE","ACNE","Acer negundo","Manitoba Maple",150,"N","Y","USDA/TC/LM/Mortens",""
"9295",9623,"UQAM",3,"Private","Private Yards","Y","Y2001","AC","ACNE","ACNE","Acer negundo","Manitoba Maple",174,"N","Y","USDA/TC/LM/Mortens",""
"9296",9624,"UQAM",3,"Private","Private Yards","Y","Y2001","PI","PIPU","PIPU","Picea pungens","Colorado Spruce",205,"N","N","USDA/TC/LM",""
"9297",9625,"UQAM",3,"Private","Private Yards","Y","Y2001","UL","ULHO","ULHOPI","Ulmus x hollandica 'Pioneer'","Pioneer Elm",45,"N","N","Mortens",""
"9298",9626,"UQAM",3,"Private","Private Yards","Y","Y2001","JU","JUVI","JUVI","Juniperus virginiana","",166,"Y","Y","https://www.fs.fed.us/database/feis/plants/tree/junvir/all.html",""
"9299",9627,"UQAM",3,"Private","Private Yards","Y","Y2001","AC","ACNE","ACNE","Acer negundo","Manitoba Maple",170,"N","Y","USDA/TC/LM/Mortens",""
"9300",9628,"UQAM",3,"Private","Private Yards","Y","Y2001","UL","ULAM","ULAM","Ulmus americana","White Elm",275,"Y","Y","USDA/TC/LM",""
"9301",9629,"UQAM",3,"Private","Private Yards","Y","Y2001","MA","MA","MA","Magnolia x ","",209,"N","N",NA,""
"9302",9630,"UQAM",3,"Private","Private Yards","Y","Y2001","AC","ACNE","ACNE","Acer negundo","Manitoba Maple",137,"N","Y","USDA/TC/LM/Mortens",""
"9303",9631,"UQAM",3,"Private","Private Yards","Y","Y2001","PO","PODE","PODE","Populus Deltoides","Eastern Cottonwood",195,"Y","Y","USDA/TC/LM",""
"9304",9632,"UQAM",3,"Private","Private Yards","Y","Y2001","UL","ULHO","ULHOPI","Ulmus x hollandica 'Pioneer'","Pioneer Elm",54,"N","N","Mortens",""
"9305",9633,"UQAM",3,"Private","Private Yards","Y","Y2001","AC","ACNE","ACNE","Acer negundo","Manitoba Maple",115,"N","Y","USDA/TC/LM/Mortens",""
"9306",9634,"UQAM",3,"Private","Private Yards","Y","Y2001","JU","JUVI","JUVI","Juniperus virginiana","",170,"Y","Y","https://www.fs.fed.us/database/feis/plants/tree/junvir/all.html",""
"9307",9635,"UQAM",3,"Private","Private Yards","Y","Y2001","JU","JUVI","JUVI","Juniperus virginiana","",154,"Y","Y","https://www.fs.fed.us/database/feis/plants/tree/junvir/all.html",""
"9308",9636,"UQAM",3,"Private","Private Yards","Y","Y2001","JU","JUVI","JUVI","Juniperus virginiana","",154,"Y","Y","https://www.fs.fed.us/database/feis/plants/tree/junvir/all.html",""
"9309",9637,"UQAM",3,"Private","Private Yards","Y","Y2001","AC","ACNE","ACNE","Acer negundo","Manitoba Maple",159,"N","Y","USDA/TC/LM/Mortens",""
"9310",9638,"UQAM",3,"Private","Private Yards","Y","Y2001","SY","SYME","SYME","Syringa meyeri","Korean Lilac",132,"N","N","Missouri Botanical Garden",""
"9311",9639,"UQAM",3,"Private","Private Yards","Y","Y2002","MA","MA","MA","Magnolia x ","",281,"N","N",NA,""
"9312",9640,"UQAM",3,"Private","Private Yards","Y","Y2002","TH","THOC","THOC","Thuja occidentalis","Eastern White Cedar",95,"Y","Y","USDA/TC/LM",""
"9313",9641,"UQAM",3,"Private","Private Yards","Y","Y2002","TH","THOC","THOC","Thuja occidentalis","Eastern White Cedar",77,"Y","Y","USDA/TC/LM",""
"9314",9642,"UQAM",3,"Private","Private Yards","Y","Y2002","TH","THOC","THOC","Thuja occidentalis","Eastern White Cedar",72,"Y","Y","USDA/TC/LM",""
"9315",9643,"UQAM",3,"Private","Private Yards","Y","Y2002","TH","THOC","THOC","Thuja occidentalis","Eastern White Cedar",70,"Y","Y","USDA/TC/LM",""
"9316",9644,"UQAM",3,"Private","Private Yards","Y","Y2002","TH","THOC","THOC","Thuja occidentalis","Eastern White Cedar",60,"Y","Y","USDA/TC/LM",""
"9317",9645,"UQAM",3,"Private","Private Yards","Y","Y2002","TH","THOC","THOC","Thuja occidentalis","Eastern White Cedar",43,"Y","Y","USDA/TC/LM",""
"9318",9646,"UQAM",3,"Private","Private Yards","Y","Y2002","TH","THOC","THOC","Thuja occidentalis","Eastern White Cedar",95,"Y","Y","USDA/TC/LM",""
"9319",9647,"UQAM",3,"Private","Private Yards","Y","Y2002","TH","THOC","THOC","Thuja occidentalis","Eastern White Cedar",60,"Y","Y","USDA/TC/LM",""
"9320",9648,"UQAM",3,"Private","Private Yards","Y","Y2002","TH","THOC","THOC","Thuja occidentalis","Eastern White Cedar",50,"Y","Y","USDA/TC/LM",""
"9321",9649,"UQAM",3,"Private","Private Yards","Y","Y2002","TH","THOC","THOC","Thuja occidentalis","Eastern White Cedar",30,"Y","Y","USDA/TC/LM",""
"9322",9650,"UQAM",3,"Private","Private Yards","Y","Y2002","TH","THOC","THOC","Thuja occidentalis","Eastern White Cedar",53,"Y","Y","USDA/TC/LM",""
"9323",9651,"UQAM",3,"Private","Private Yards","Y","Y2002","TH","THOC","THOC","Thuja occidentalis","Eastern White Cedar",32,"Y","Y","USDA/TC/LM",""
"9324",9652,"UQAM",3,"Private","Private Yards","Y","Y2002","TH","THOC","THOC","Thuja occidentalis","Eastern White Cedar",40,"Y","Y","USDA/TC/LM",""
"9325",9653,"UQAM",3,"Private","Private Yards","Y","Y2002","TH","THOC","THOC","Thuja occidentalis","Eastern White Cedar",48,"Y","Y","USDA/TC/LM",""
"9326",9654,"UQAM",3,"Private","Private Yards","Y","Y2002","UL","ULPU","ULPU","Ulmus pumila","Siberian Elm",201,"N","N","USDA/TC/LM",""
"9327",9655,"UQAM",3,"Private","Private Yards","Y","Y2002","TH","THOC","THOC","Thuja occidentalis","Eastern White Cedar",47,"Y","Y","USDA/TC/LM",""
"9328",9656,"UQAM",3,"Private","Private Yards","Y","Y2002","TH","THOC","THOC","Thuja occidentalis","Eastern White Cedar",66,"Y","Y","USDA/TC/LM",""
"9329",9657,"UQAM",3,"Private","Private Yards","Y","Y2002","TH","THOC","THOC","Thuja occidentalis","Eastern White Cedar",34,"Y","Y","USDA/TC/LM",""
"9330",9658,"UQAM",3,"Private","Private Yards","Y","Y2002","MA","MA","MA","Magnolia x ","",228,"N","N",NA,""
"9331",9659,"UQAM",3,"Private","Private Yards","Y","Y2002","MA","MA","MA","Magnolia x ","",315,"N","N",NA,""
"9332",9660,"UQAM",3,"Private","Private Yards","Y","Y2002","MA","MA","MA","Magnolia x ","",291,"N","N",NA,""
"9333",9661,"UQAM",3,"Private","Private Yards","Y","Y2002","MA","MA","MA","Magnolia x ","",116,"N","N",NA,""
"9334",9662,"UQAM",3,"Private","Private Yards","Y","Y2002","MA","MA","MA","Magnolia x ","",139,"N","N",NA,""
"9335",9663,"UQAM",3,"Private","Private Yards","Y","Y2002","UL","ULPU","ULPU","Ulmus pumila","Siberian Elm",107,"N","N","USDA/TC/LM",""
"9336",9664,"UQAM",3,"Private","Private Yards","Y","Y2002","UL","ULPU","ULPU","Ulmus pumila","Siberian Elm",133,"N","N","USDA/TC/LM",""
"9337",9665,"UQAM",3,"Private","Private Yards","Y","Y2002","MA","MA","MA","Magnolia x ","",102,"N","N",NA,""
"9338",9666,"UQAM",3,"Private","Private Yards","Y","Y2003","AC","ACNE","ACNE","Acer negundo","Manitoba Maple",160,"N","Y","USDA/TC/LM/Mortens",""
"9339",9667,"UQAM",3,"Private","Private Yards","Y","Y2003","AC","ACNE","ACNE","Acer negundo","Manitoba Maple",108,"N","Y","USDA/TC/LM/Mortens",""
"9340",9668,"UQAM",3,"Private","Private Yards","Y","Y2003","AC","ACNE","ACNE","Acer negundo","Manitoba Maple",89,"N","Y","USDA/TC/LM/Mortens",""
"9341",9669,"UQAM",3,"Private","Private Yards","Y","Y2003","AC","ACNE","ACNE","Acer negundo","Manitoba Maple",151,"N","Y","USDA/TC/LM/Mortens",""
"9342",9670,"UQAM",3,"Private","Private Yards","Y","Y2003","AC","ACNE","ACNE","Acer negundo","Manitoba Maple",30,"N","Y","USDA/TC/LM/Mortens",""
"9343",9671,"UQAM",3,"Private","Private Yards","Y","Y2003","UL","ULRU","ULRU","Ulmus rubra","",57,"Y","Y","https://www.fs.fed.us/database/feis/plants/tree/ulmrub/all.html",""
"9344",9672,"UQAM",3,"Private","Private Yards","Y","Y2003","AC","ACNE","ACNE","Acer negundo","Manitoba Maple",85,"N","Y","USDA/TC/LM/Mortens",""
"9345",9673,"UQAM",3,"Private","Private Yards","Y","Y2003","AC","ACNE","ACNE","Acer negundo","Manitoba Maple",20,"N","Y","USDA/TC/LM/Mortens",""
"9346",9674,"UQAM",3,"Private","Private Yards","Y","Y2003","UL","ULRU","ULRU","Ulmus rubra","",30,"Y","Y","https://www.fs.fed.us/database/feis/plants/tree/ulmrub/all.html",""
"9347",9675,"UQAM",3,"Private","Private Yards","Y","Y2003","AC","ACNE","ACNE","Acer negundo","Manitoba Maple",123,"N","Y","USDA/TC/LM/Mortens",""
"9348",9676,"UQAM",3,"Private","Private Yards","Y","Y2004","MO","MOAL","MOAL","Morus Alba","White Mulberry",30,"N","N","USDA/TC/Mortens",""
"9349",9677,"UQAM",3,"Private","Private Yards","Y","Y2004","TH","THOC","THOC","Thuja occidentalis","Eastern White Cedar",42,"Y","Y","USDA/TC/LM",""
"9350",9678,"UQAM",3,"Private","Private Yards","Y","Y2005","AE","AEHI","AEHI","Aesculus hippocastanum","Common Horsechesnut",102,"N","N","USDA/TC/Mortens",""
"9351",9679,"UQAM",3,"Private","Private Yards","Y","Y2005","SY","SYVU","SYVU","Syringa Vulgaris ","Common Lilac",59,"N","N","USDA/TC/Mortens",""
"9352",9680,"UQAM",3,"Private","Private Yards","Y","Y2005","OS","OSVI","OSVI","Ostrya virginiana","American Hop-Hornbeam Ironwood",45,"Y","Y","USDA/TC/LM",""
"9353",9681,"UQAM",3,"Private","Private Yards","Y","Y2005","SY","SYVU","SYVU","Syringa Vulgaris ","Common Lilac",69,"N","N","USDA/TC/Mortens",""
"9354",9682,"UQAM",3,"Private","Private Yards","Y","Y2005","AC","ACPL","ACPL","Acer platanoides","Norway Maple",378,"N","N","USDA/TC",""
"9355",9683,"UQAM",3,"Private","Private Yards","Y","Y2005","AC","ACNE","ACNE","Acer negundo","Manitoba Maple",102,"N","Y","USDA/TC/LM/Mortens",""
"9356",9684,"UQAM",3,"Private","Private Yards","Y","Y2005","AC","ACPL","ACPL","Acer platanoides","Norway Maple",265,"N","N","USDA/TC",""
"9357",9685,"UQAM",3,"Private","Private Yards","Y","Y2005","AC","ACPL","ACPL","Acer platanoides","Norway Maple",385,"N","N","USDA/TC",""
"9358",9686,"UQAM",3,"Private","Private Yards","Y","Y2005","AC","ACPL","ACPL","Acer platanoides","Norway Maple",364,"N","N","USDA/TC",""
"9359",9687,"UQAM",3,"Private","Private Yards","Y","Y2005","AC","ACNE","ACNE","Acer negundo","Manitoba Maple",127,"N","Y","USDA/TC/LM/Mortens",""
"9360",9688,"UQAM",3,"Private","Private Yards","Y","Y2005","AC","ACNE","ACNE","Acer negundo","Manitoba Maple",229,"N","Y","USDA/TC/LM/Mortens",""
"9361",9689,"UQAM",3,"Private","Private Yards","Y","Y2005","AC","ACPL","ACPL","Acer platanoides","Norway Maple",39,"N","N","USDA/TC",""
"9362",9690,"UQAM",3,"Private","Private Yards","Y","Y2005","GL","GLTR","GLTR","Gleditsia triacanthos","Common Honey-Locust",127,"N","Y","USDA/TC/LM",""
"9363",9691,"UQAM",3,"Private","Private Yards","Y","Y2005","AC","ACPL","ACPL","Acer platanoides","Norway Maple",333,"N","N","USDA/TC",""
"9364",9692,"UQAM",3,"Private","Private Yards","Y","Y2005","GL","GLTR","GLTR","Gleditsia triacanthos","Common Honey-Locust",159,"N","Y","USDA/TC/LM",""
"9365",9693,"UQAM",3,"Private","Private Yards","Y","Y2005","GL","GLTR","GLTR","Gleditsia triacanthos","Common Honey-Locust",349,"N","Y","USDA/TC/LM",""
"9366",9694,"UQAM",3,"Private","Private Yards","Y","Y2005","AC","ACPL","ACPL","Acer platanoides","Norway Maple",413,"N","N","USDA/TC",""
"9367",9695,"UQAM",3,"Private","Private Yards","Y","Y2005","GL","GLTR","GLTR","Gleditsia triacanthos","Common Honey-Locust",139,"N","Y","USDA/TC/LM",""
"9368",9696,"UQAM",3,"Private","Private Yards","Y","Y2005","GL","GLTR","GLTR","Gleditsia triacanthos","Common Honey-Locust",166,"N","Y","USDA/TC/LM",""
"9369",9697,"UQAM",3,"Private","Private Yards","Y","Y2005","AC","ACNE","ACNE","Acer negundo","Manitoba Maple",99,"N","Y","USDA/TC/LM/Mortens",""
"9370",9698,"UQAM",3,"Private","Private Yards","Y","Y2005","UL","ULPU","ULPU","Ulmus pumila","Siberian Elm",245,"N","N","USDA/TC/LM",""
"9371",9699,"UQAM",3,"Private","Private Yards","Y","Y2005","AC","ACNE","ACNE","Acer negundo","Manitoba Maple",114,"N","Y","USDA/TC/LM/Mortens",""
"9372",9700,"UQAM",3,"Private","Private Yards","Y","Y2005","AC","ACNE","ACNE","Acer negundo","Manitoba Maple",52,"N","Y","USDA/TC/LM/Mortens",""
"9373",9701,"UQAM",3,"Private","Private Yards","Y","Y2005","AC","ACNE","ACNE","Acer negundo","Manitoba Maple",200,"N","Y","USDA/TC/LM/Mortens",""
"9374",9702,"UQAM",3,"Private","Private Yards","Y","Y2005","AC","ACNE","ACNE","Acer negundo","Manitoba Maple",160,"N","Y","USDA/TC/LM/Mortens",""
"9375",9703,"UQAM",3,"Private","Private Yards","Y","Y2005","AC","ACNE","ACNE","Acer negundo","Manitoba Maple",164,"N","Y","USDA/TC/LM/Mortens",""
"9376",9704,"UQAM",3,"Private","Private Yards","Y","Y2005","AC","ACNE","ACNE","Acer negundo","Manitoba Maple",301,"N","Y","USDA/TC/LM/Mortens",""
"9377",9705,"UQAM",3,"Private","Private Yards","Y","Y2005","GY","GYDI","GYDI","Gymnocladus dioicus","Kentucky Coffee Tree",169,"N","Y","USDA/LM",""
"9378",9706,"UQAM",3,"Private","Private Yards","Y","Y2005","AC","ACPL","ACPL","Acer platanoides","Norway Maple",314,"N","N","USDA/TC",""
"9379",9707,"UQAM",3,"Private","Private Yards","Y","Y2005","FR","FRPE","FRPE","Fraxinus pennsylvanica","Red Ash",468,"Y","Y","USDA/TC/Mortens/LM",""
"9380",9708,"UQAM",3,"Private","Private Yards","Y","Y2005","FR","FRPE","FRPE","Fraxinus pennsylvanica","Red Ash",497,"Y","Y","USDA/TC/Mortens/LM",""
"9381",9709,"UQAM",3,"Private","Private Yards","Y","Y2005","GL","GLTR","GLTR","Gleditsia triacanthos","Common Honey-Locust",147,"N","Y","USDA/TC/LM",""
"9382",9710,"UQAM",3,"Private","Private Yards","Y","Y2005","GL","GLTR","GLTR","Gleditsia triacanthos","Common Honey-Locust",136,"N","Y","USDA/TC/LM",""
"9383",9711,"UQAM",3,"Private","Private Yards","Y","Y2005","GL","GLTR","GLTR","Gleditsia triacanthos","Common Honey-Locust",99,"N","Y","USDA/TC/LM",""
"9384",9712,"UQAM",3,"Private","Private Yards","Y","Y2005","GL","GLTR","GLTR","Gleditsia triacanthos","Common Honey-Locust",102,"N","Y","USDA/TC/LM",""
"9385",9713,"UQAM",3,"Private","Private Yards","Y","Y2005","GL","GLTR","GLTR","Gleditsia triacanthos","Common Honey-Locust",70,"N","Y","USDA/TC/LM",""
"9386",9714,"UQAM",3,"Private","Private Yards","Y","Y2005","GL","GLTR","GLTR","Gleditsia triacanthos","Common Honey-Locust",64,"N","Y","USDA/TC/LM",""
"9387",9715,"UQAM",3,"Private","Private Yards","Y","Y2005","GL","GLTR","GLTR","Gleditsia triacanthos","Common Honey-Locust",48,"N","Y","USDA/TC/LM",""
"9388",9716,"UQAM",3,"Private","Private Yards","Y","Y2005","AC","ACPL","ACPL","Acer platanoides","Norway Maple",52,"N","N","USDA/TC",""
"9389",9717,"UQAM",3,"Private","Private Yards","Y","Y2006","UL","ULPU","ULPU","Ulmus pumila","Siberian Elm",109,"N","N","USDA/TC/LM",""
"9390",9718,"UQAM",3,"Private","Private Yards","Y","Y2006","FR","FRPE","FRPE","Fraxinus pennsylvanica","Red Ash",207,"Y","Y","USDA/TC/Mortens/LM",""
"9391",9719,"UQAM",3,"Private","Private Yards","Y","Y2007","SY","SYVU","SYVU","Syringa Vulgaris ","Common Lilac",62,"N","N","USDA/TC/Mortens",""
"9392",9720,"UQAM",3,"Private","Private Yards","Y","Y2007","SY","SYJO","SYJO","Syringa josikaea","Hungarian Lilac",62,"N","N","Missouri Botanical Garden",""
"9393",9721,"UQAM",3,"Private","Private Yards","Y","Y2009","AC","ACNE","ACNE","Acer negundo","Manitoba Maple",695,"N","Y","USDA/TC/LM/Mortens",""
"9394",9723,"UQAM",3,"Private","Private Yards","Y","Y2011","GL","GLTR","GLTR","Gleditsia triacanthos","Common Honey-Locust",45,"N","Y","USDA/TC/LM",""
"9395",9724,"UQAM",3,"Private","Private Yards","Y","Y2011","GL","GLTR","GLTR","Gleditsia triacanthos","Common Honey-Locust",52,"N","Y","USDA/TC/LM",""
"9396",9725,"UQAM",3,"Private","Private Yards","Y","Y2011","EU","EUAL","EUAL","Euonymous Alatus","Burning Bush",51,"N","N","USDA/TC",""
"9397",9726,"UQAM",3,"Private","Private Yards","Y","Y2013","AC","ACFR","ACFR","Acer x freemannii","FREEMAN MAPLE",132,"Y","Y","Mortens/LM","Hybrid of two SLL native species: Acer saccharinum & Acer rubrum"
"9398",9727,"UQAM",3,"Private","Private Yards","Y","Y2013","AC","ACFR","ACFR","Acer x freemannii","FREEMAN MAPLE",141,"Y","Y","Mortens/LM","Hybrid of two SLL native species: Acer saccharinum & Acer rubrum"
"9399",9728,"UQAM",3,"Private","Private Yards","Y","Y2013","AC","ACFR","ACFR","Acer x freemannii","FREEMAN MAPLE",127,"Y","Y","Mortens/LM","Hybrid of two SLL native species: Acer saccharinum & Acer rubrum"
"9400",9729,"UQAM",3,"Private","Private Yards","Y","Y2015","QU","QURO","QURO","Quercus robur","English Oak",252,"N","N","USDA/TC/Mortens",""
"9401",9730,"UQAM",3,"Private","Private Yards","Y","Y2015","UL","ULRU","ULRU","Ulmus rubra","",111,"Y","Y","https://www.fs.fed.us/database/feis/plants/tree/ulmrub/all.html",""
"9402",9731,"UQAM",3,"Private","Private Yards","Y","Y2015","TH","THOC","THOC","Thuja occidentalis","Eastern White Cedar",61,"Y","Y","USDA/TC/LM",""
"9403",9732,"UQAM",3,"Private","Private Yards","Y","Y2016","TH","THOC","THOC","Thuja occidentalis","Eastern White Cedar",120,"Y","Y","USDA/TC/LM",""
"9404",9733,"UQAM",3,"Private","Private Yards","Y","Y2016","TH","THOC","THOC","Thuja occidentalis","Eastern White Cedar",69,"Y","Y","USDA/TC/LM",""
"9405",9734,"UQAM",3,"Private","Private Yards","Y","Y2016","TH","THOC","THOC","Thuja occidentalis","Eastern White Cedar",123,"Y","Y","USDA/TC/LM",""
"9406",9735,"UQAM",3,"Private","Private Yards","Y","Y2016","TH","THOC","THOC","Thuja occidentalis","Eastern White Cedar",41,"Y","Y","USDA/TC/LM",""
"9407",9736,"UQAM",3,"Private","Private Yards","Y","Y2016","TH","THOC","THOC","Thuja occidentalis","Eastern White Cedar",99,"Y","Y","USDA/TC/LM",""
"9408",9737,"UQAM",3,"Private","Private Yards","Y","Y2016","TH","THOC","THOC","Thuja occidentalis","Eastern White Cedar",129,"Y","Y","USDA/TC/LM",""
"9409",9738,"UQAM",3,"Private","Private Yards","Y","Y2016","TH","THOC","THOC","Thuja occidentalis","Eastern White Cedar",151,"Y","Y","USDA/TC/LM",""
"9410",9739,"UQAM",3,"Private","Private Yards","Y","Y2016","TH","THOC","THOC","Thuja occidentalis","Eastern White Cedar",83,"Y","Y","USDA/TC/LM",""
"9411",9741,"UQAM",3,"Private","Private Yards","Y","Y2016","TH","THOC","THOC","Thuja occidentalis","Eastern White Cedar",92,"Y","Y","USDA/TC/LM",""
"9412",9742,"UQAM",3,"Private","Private Yards","Y","Y2016","TH","THOC","THOC","Thuja occidentalis","Eastern White Cedar",112,"Y","Y","USDA/TC/LM",""
"9413",9743,"UQAM",3,"Private","Private Yards","Y","Y2016","AC","ACNE","ACNE","Acer negundo","Manitoba Maple",578,"N","Y","USDA/TC/LM/Mortens",""
"9414",9744,"UQAM",3,"Private","Private Yards","Y","Y2017","AC","ACSC","ACSC","Acer saccharum","Sugar Maple",24,"Y","Y","TC/LM",""
"9415",9745,"UQAM",3,"Private","Private Yards","Y","Y2018","AC","ACNE","ACNE","Acer negundo","Manitoba Maple",247,"N","Y","USDA/TC/LM/Mortens",""
"9416",9746,"UQAM",3,"Private","Private Yards","Y","Y2019","AC","ACNE","ACNE","Acer negundo","Manitoba Maple",408,"N","Y","USDA/TC/LM/Mortens",""
"9417",9749,"UQAM",3,"Private","Private Yards","Y","Y2020","MA","MA","MA","Magnolia x ","",151,"N","N",NA,""
"9418",9750,"UQAM",3,"Private","Private Yards","Y","Y2020","MA","MA","MA","Magnolia x ","",182,"N","N",NA,""
"9419",9751,"UQAM",3,"Private","Private Yards","Y","Y2020","AC","ACPL","ACPL","Acer platanoides","Norway Maple",96,"N","N","USDA/TC",""
"9420",9752,"UQAM",3,"Private","Private Yards","Y","Y2025","MA","MA","MA","Magnolia x ","",181,"N","N",NA,""
"9421",9753,"UQAM",3,"Private","Private Yards","Y","Y2025","TI","TICO","TICO","Tilia cordata","Littleleaf European Linden",511,"N","N","USDA",""
"9422",9754,"UQAM",3,"Private","Private Yards","Y","Y2025","TI","TICO","TICO","Tilia cordata","Littleleaf European Linden",428,"N","N","USDA",""
"9423",9755,"UQAM",3,"Private","Private Yards","Y","Y2025","TI","TICO","TICO","Tilia cordata","Littleleaf European Linden",468,"N","N","USDA",""
"9424",9756,"UQAM",3,"Private","Private Yards","Y","Y2025","JU","JUVI","JUVI","Juniperus virginiana","",73,"Y","Y","https://www.fs.fed.us/database/feis/plants/tree/junvir/all.html",""
"9425",9757,"UQAM",3,"Private","Private Yards","Y","Y2025","MA","MA","MA","Magnolia x ","",129,"N","N",NA,""
"9426",9758,"UQAM",3,"Private","Private Yards","Y","Y2026","AC","ACSC","ACSC","Acer saccharum","Sugar Maple",419,"Y","Y","TC/LM",""
"9427",9759,"UQAM",3,"Private","Private Yards","Y","Y2026","MA","MA","MA","Magnolia x ","",318,"N","N",NA,""
"9428",9760,"UQAM",3,"Private","Private Yards","Y","Y2026","AC","ACSC","ACSC","Acer saccharum","Sugar Maple",379,"Y","Y","TC/LM",""
"9429",9761,"UQAM",3,"Private","Private Yards","Y","Y2026","AC","ACPL","ACPL","Acer platanoides","Norway Maple",238,"N","N","USDA/TC",""
"9430",9762,"UQAM",3,"Private","Private Yards","Y","Y2026","MA","MA","MA","Magnolia x ","",352,"N","N",NA,""
"9431",9763,"UQAM",3,"Private","Private Yards","Y","Y2026","MA","MA","MA","Magnolia x ","",271,"N","N",NA,""
"9432",9764,"UQAM",3,"Private","Private Yards","Y","Y2026","MA","MA","MA","Magnolia x ","",275,"N","N",NA,""
"9433",9765,"UQAM",3,"Private","Private Yards","Y","Y2026","MA","MA","MA","Magnolia x ","",272,"N","N",NA,""
"9434",9766,"UQAM",3,"Private","Private Yards","Y","Y2026","AC","ACNE","ACNE","Acer negundo","Manitoba Maple",212,"N","Y","USDA/TC/LM/Mortens",""
"9435",9767,"UQAM",3,"Private","Private Yards","Y","Y2026","AC","ACNE","ACNE","Acer negundo","Manitoba Maple",339,"N","Y","USDA/TC/LM/Mortens",""
"9436",9768,"UQAM",3,"Private","Private Yards","Y","Y2026","AC","ACSC","ACSC","Acer saccharum","Sugar Maple",323,"Y","Y","TC/LM",""
"9437",9769,"UQAM",3,"Private","Private Yards","Y","Y2026","MA","MA","MA","Magnolia x ","",252,"N","N",NA,""
"9438",9770,"UQAM",3,"Private","Private Yards","Y","Y2026","AC","ACNE","ACNE","Acer negundo","Manitoba Maple",32,"N","Y","USDA/TC/LM/Mortens",""
"9439",9771,"UQAM",3,"Private","Private Yards","Y","Y2026","AC","ACSC","ACSC","Acer saccharum","Sugar Maple",368,"Y","Y","TC/LM",""
"9440",9772,"UQAM",3,"Private","Private Yards","Y","Y2026","AC","ACSC","ACSC","Acer saccharum","Sugar Maple",269,"Y","Y","TC/LM",""
"9441",9773,"UQAM",3,"Private","Private Yards","Y","Y2029","MA","MA","MA","Magnolia x ","",20,"N","N",NA,""
"9442",9774,"UQAM",3,"Private","Private Yards","Y","Y2029","QU","QURO","QURO","Quercus robur","English Oak",495,"N","N","USDA/TC/Mortens",""
"9443",9775,"UQAM",3,"Private","Private Yards","Y","Y2029","QU","QUBI","QUBI","Quercus bicolor","Swamp White Oak",111,"Y","Y","USDA/TC/LM/NRC",""
"9444",9776,"UQAM",3,"Private","Private Yards","Y","Y2029","MA","MA","MA","Magnolia x ","",195,"N","N",NA,""
"9445",9777,"UQAM",3,"Private","Private Yards","Y","Y2029","QU","QUBI","QUBI","Quercus bicolor","Swamp White Oak",116,"Y","Y","USDA/TC/LM/NRC",""
"9446",9778,"UQAM",3,"Private","Private Yards","Y","Y2029","AC","ACNE","ACNE","Acer negundo","Manitoba Maple",53,"N","Y","USDA/TC/LM/Mortens",""
"9447",9779,"UQAM",3,"Private","Private Yards","Y","Y2029","AC","ACNE","ACNE","Acer negundo","Manitoba Maple",190,"N","Y","USDA/TC/LM/Mortens",""
"9448",9780,"UQAM",3,"Private","Private Yards","Y","Y2030","AC","ACNE","ACNE","Acer negundo","Manitoba Maple",50,"N","Y","USDA/TC/LM/Mortens",""
"9449",9782,"UQAM",3,"Private","Private Yards","Y","Y2030","AC","ACNE","ACNE","Acer negundo","Manitoba Maple",48,"N","Y","USDA/TC/LM/Mortens",""
"9450",9783,"UQAM",3,"Private","Private Yards","Y","Y2031","FR","FRPE","FRPE","Fraxinus pennsylvanica","Red Ash",323,"Y","Y","USDA/TC/Mortens/LM",""
"9451",9784,"UQAM",3,"Private","Private Yards","Y","Y2031","FR","FRPE","FRPE","Fraxinus pennsylvanica","Red Ash",162,"Y","Y","USDA/TC/Mortens/LM",""
"9452",9785,"UQAM",3,"Private","Private Yards","Y","Y2031","SY","SYVU","SYVU","Syringa Vulgaris ","Common Lilac",87,"N","N","USDA/TC/Mortens",""
"9453",9786,"UQAM",3,"Private","Private Yards","Y","Y2031","SY","SYVU","SYVU","Syringa Vulgaris ","Common Lilac",57,"N","N","USDA/TC/Mortens",""
"9454",9787,"UQAM",3,"Private","Private Yards","Y","Y2031","PR","PRMA","PRMAJE","Prunus maakii 'Jefree' (Goldrush TM)","Prunus maakii 'Jefree'",47,"N","N","TC/Mortens",""
"9455",9788,"UQAM",3,"Private","Private Yards","Y","Y2031","FR","FRPE","FRPE","Fraxinus pennsylvanica","Red Ash",249,"Y","Y","USDA/TC/Mortens/LM",""
"9456",9789,"UQAM",3,"Private","Private Yards","Y","Y2031","AC","ACNE","ACNE","Acer negundo","Manitoba Maple",56,"N","Y","USDA/TC/LM/Mortens",""
"9457",9790,"UQAM",3,"Private","Private Yards","Y","Y2031","AC","ACNE","ACNE","Acer negundo","Manitoba Maple",40,"N","Y","USDA/TC/LM/Mortens",""
"9458",9791,"UQAM",3,"Private","Private Yards","Y","Y2032","AC","ACSC","ACSC","Acer saccharum","Sugar Maple",402,"Y","Y","TC/LM",""
"9459",9792,"UQAM",3,"Private","Private Yards","Y","Y2032","AC","ACSC","ACSC","Acer saccharum","Sugar Maple",861,"Y","Y","TC/LM",""
"9460",9793,"UQAM",3,"Private","Private Yards","Y","Y2032","AC","ACNE","ACNE","Acer negundo","Manitoba Maple",313,"N","Y","USDA/TC/LM/Mortens",""
"9461",9794,"UQAM",3,"Private","Private Yards","Y","Y2032","SY","SYVU","SYVU","Syringa Vulgaris ","Common Lilac",65,"N","N","USDA/TC/Mortens",""
"9462",9795,"UQAM",3,"Private","Private Yards","Y","Y2032","AC","ACNE","ACNE","Acer negundo","Manitoba Maple",226,"N","Y","USDA/TC/LM/Mortens",""
"9463",9796,"UQAM",3,"Private","Private Yards","Y","Y2032","AC","ACNE","ACNE","Acer negundo","Manitoba Maple",475,"N","Y","USDA/TC/LM/Mortens",""
"9464",9797,"UQAM",3,"Private","Private Yards","Y","Y2033","AC","ACNE","ACNE","Acer negundo","Manitoba Maple",198,"N","Y","USDA/TC/LM/Mortens",""
"9465",9798,"UQAM",3,"Private","Private Yards","Y","Y2033","AC","ACNE","ACNE","Acer negundo","Manitoba Maple",166,"N","Y","USDA/TC/LM/Mortens",""
"9466",9799,"UQAM",3,"Private","Private Yards","Y","Y2033","AC","ACPL","ACPL","Acer platanoides","Norway Maple",291,"N","N","USDA/TC",""
"9467",9800,"UQAM",3,"Private","Private Yards","Y","Y2033","PI","PIPU","PIPU","Picea pungens","Colorado Spruce",170,"N","N","USDA/TC/LM",""
"9468",9801,"UQAM",3,"Private","Private Yards","Y","Y2033","PI","PIAB","PIAB","Picea abies","Norway Spruce",102,"N","N","USDA/TC/Mortens",""
"9469",9802,"UQAM",3,"Private","Private Yards","Y","Y2033","AC","ACNE","ACNE","Acer negundo","Manitoba Maple",38,"N","Y","USDA/TC/LM/Mortens",""
"9470",9803,"UQAM",3,"Private","Private Yards","Y","Y2033","TH","THOC","THOC","Thuja occidentalis","Eastern White Cedar",116,"Y","Y","USDA/TC/LM",""
"9471",9804,"UQAM",3,"Private","Private Yards","Y","Y2033","TH","THOC","THOC","Thuja occidentalis","Eastern White Cedar",115,"Y","Y","USDA/TC/LM",""
"9472",9805,"UQAM",3,"Private","Private Yards","Y","Y2033","TH","THOC","THOC","Thuja occidentalis","Eastern White Cedar",52,"Y","Y","USDA/TC/LM",""
"9473",9806,"UQAM",3,"Private","Private Yards","Y","Y2033","TH","THOC","THOC","Thuja occidentalis","Eastern White Cedar",28,"Y","Y","USDA/TC/LM",""
"9474",9807,"UQAM",3,"Private","Private Yards","Y","Y2033","TH","THOC","THOC","Thuja occidentalis","Eastern White Cedar",66,"Y","Y","USDA/TC/LM",""
"9475",9808,"UQAM",3,"Private","Private Yards","Y","Y2033","TH","THOC","THOC","Thuja occidentalis","Eastern White Cedar",72,"Y","Y","USDA/TC/LM",""
"9476",9809,"UQAM",3,"Private","Private Yards","Y","Y2033","AC","ACPL","ACPL","Acer platanoides","Norway Maple",181,"N","N","USDA/TC",""
"9477",9810,"UQAM",3,"Private","Private Yards","Y","Y2033","AC","ACNE","ACNE","Acer negundo","Manitoba Maple",353,"N","Y","USDA/TC/LM/Mortens",""
"9478",9811,"UQAM",3,"Private","Private Yards","Y","Y2035","AC","ACSC","ACSC","Acer saccharum","Sugar Maple",569,"Y","Y","TC/LM",""
"9479",9812,"UQAM",3,"Private","Private Yards","Y","Y2035","AC","ACSC","ACSC","Acer saccharum","Sugar Maple",573,"Y","Y","TC/LM",""
"9480",9813,"UQAM",3,"Private","Private Yards","Y","Y2035","AC","ACNE","ACNE","Acer negundo","Manitoba Maple",71,"N","Y","USDA/TC/LM/Mortens",""
"9481",9814,"UQAM",3,"Private","Private Yards","Y","Y2036","PI","PIGL","PIGL","Picea glauca","White Spruce",163,"Y","Y","USDA/TC/LM",""
"9482",9815,"UQAM",3,"Private","Private Yards","Y","Y2036","PI","PIGL","PIGL","Picea glauca","White Spruce",166,"Y","Y","USDA/TC/LM",""
"9483",9816,"UQAM",3,"Private","Private Yards","Y","Y2036","SY","SY","SYXX","Syringa species","",29,"N","N","Brittanica",""
"9484",9817,"UQAM",3,"Private","Private Yards","Y","Y2036","AB","ABBA","ABBA","Abies Balsamea","Balsam fir",54,"Y","Y","USDA/TC/LM",""
"9485",9818,"UQAM",3,"Private","Private Yards","Y","Y2036","SY","SYVU","SYVU","Syringa Vulgaris ","Common Lilac",54,"N","N","USDA/TC/Mortens",""
"9486",9819,"UQAM",3,"Private","Private Yards","Y","Y2037","AC","ACNE","ACNE","Acer negundo","Manitoba Maple",90,"N","Y","USDA/TC/LM/Mortens",""
"9487",9820,"UQAM",3,"Private","Private Yards","Y","Y2037","AC","ACNE","ACNE","Acer negundo","Manitoba Maple",72,"N","Y","USDA/TC/LM/Mortens",""
"9488",9821,"UQAM",3,"Private","Private Yards","Y","Y2037","TH","THOC","THOC","Thuja occidentalis","Eastern White Cedar",48,"Y","Y","USDA/TC/LM",""
"9489",9822,"UQAM",3,"Private","Private Yards","Y","Y2039","AC","ACSC","ACSC","Acer saccharum","Sugar Maple",77,"Y","Y","TC/LM",""
"9490",9823,"UQAM",3,"Private","Private Yards","Y","Y2039","AC","ACSC","ACSC","Acer saccharum","Sugar Maple",76,"Y","Y","TC/LM",""
"9491",9824,"UQAM",3,"Private","Private Yards","Y","Y2039","AC","ACSC","ACSC","Acer saccharum","Sugar Maple",35,"Y","Y","TC/LM",""
"9492",9825,"UQAM",3,"Private","Private Yards","Y","Y2039","AC","ACSC","ACSC","Acer saccharum","Sugar Maple",48,"Y","Y","TC/LM",""
"9493",9826,"UQAM",3,"Private","Private Yards","Y","Y2039","AC","ACSC","ACSC","Acer saccharum","Sugar Maple",59,"Y","Y","TC/LM",""
"9494",9827,"UQAM",3,"Private","Private Yards","Y","Y2039","AC","ACSC","ACSC","Acer saccharum","Sugar Maple",70,"Y","Y","TC/LM",""
"9495",9828,"UQAM",3,"Private","Private Yards","Y","Y2039","AC","ACFR","ACFR","Acer x freemannii","FREEMAN MAPLE",34,"Y","Y","Mortens/LM","Hybrid of two SLL native species: Acer saccharinum & Acer rubrum"
"9496",9829,"UQAM",3,"Private","Private Yards","Y","Y2039","AC","ACSC","ACSC","Acer saccharum","Sugar Maple",82,"Y","Y","TC/LM",""
"9497",9830,"UQAM",3,"Private","Private Yards","Y","Y2039","TH","THOC","THOC","Thuja occidentalis","Eastern White Cedar",33,"Y","Y","USDA/TC/LM",""
"9498",9831,"UQAM",3,"Private","Private Yards","Y","Y2039","TH","THOC","THOC","Thuja occidentalis","Eastern White Cedar",72,"Y","Y","USDA/TC/LM",""
"9499",9832,"UQAM",3,"Private","Private Yards","Y","Y2039","TH","THOC","THOC","Thuja occidentalis","Eastern White Cedar",58,"Y","Y","USDA/TC/LM",""
"9500",9833,"UQAM",3,"Private","Private Yards","Y","Y2039","AB","ABBA","ABBA","Abies Balsamea","Balsam fir",36,"Y","Y","USDA/TC/LM",""
"9501",9834,"UQAM",3,"Private","Private Yards","Y","Y2041","AC","ACFR","ACFR","Acer x freemannii","FREEMAN MAPLE",372,"Y","Y","Mortens/LM","Hybrid of two SLL native species: Acer saccharinum & Acer rubrum"
"9502",9835,"UQAM",3,"Private","Private Yards","Y","Y2041","FR","FRPE","FRPE","Fraxinus pennsylvanica","Red Ash",456,"Y","Y","USDA/TC/Mortens/LM",""
"9503",9836,"UQAM",3,"Private","Private Yards","Y","Y2041","TH","THOC","THOC","Thuja occidentalis","Eastern White Cedar",39,"Y","Y","USDA/TC/LM",""
"9504",9837,"UQAM",3,"Private","Private Yards","Y","Y2042","MA","MA","MA","Magnolia x ","",73,"N","N",NA,""
"9505",9838,"UQAM",3,"Private","Private Yards","Y","Y2043","RH","RHTY","RHTY","Rhus typhina","",97,"Y","Y","https://www.fs.fed.us/database/feis/plants/tree/rhutyp/all.html",""
"9506",9839,"UQAM",3,"Private","Private Yards","Y","Y2043","SY","SYVU","SYVU","Syringa Vulgaris ","Common Lilac",72,"N","N","USDA/TC/Mortens",""
"9507",9840,"UQAM",3,"Private","Private Yards","Y","Y2044","FR","FRPE","FRPE","Fraxinus pennsylvanica","Red Ash",610,"Y","Y","USDA/TC/Mortens/LM",""
"9508",9841,"UQAM",3,"Private","Private Yards","Y","Y2044","AC","ACSC","ACSC","Acer saccharum","Sugar Maple",46,"Y","Y","TC/LM",""
"9509",9842,"UQAM",3,"Private","Private Yards","Y","Y2044","AC","ACSC","ACSC","Acer saccharum","Sugar Maple",160,"Y","Y","TC/LM",""
"9510",9843,"UQAM",3,"Private","Private Yards","Y","Y2044","SY","SYVU","SYVU","Syringa Vulgaris ","Common Lilac",81,"N","N","USDA/TC/Mortens",""
"9511",9844,"UQAM",3,"Private","Private Yards","Y","Y2045","TH","THOC","THOC","Thuja occidentalis","Eastern White Cedar",47,"Y","Y","USDA/TC/LM",""
"9512",9845,"UQAM",3,"Private","Private Yards","Y","Y2045","TH","THOC","THOC","Thuja occidentalis","Eastern White Cedar",77,"Y","Y","USDA/TC/LM",""
"9513",9846,"UQAM",3,"Private","Private Yards","Y","Y2045","TH","THOC","THOC","Thuja occidentalis","Eastern White Cedar",80,"Y","Y","USDA/TC/LM",""
"9514",9847,"UQAM",3,"Private","Private Yards","Y","Y2045","TH","THOC","THOC","Thuja occidentalis","Eastern White Cedar",105,"Y","Y","USDA/TC/LM",""
"9515",9848,"UQAM",3,"Private","Private Yards","Y","Y2046","AC","ACNE","ACNE","Acer negundo","Manitoba Maple",339,"N","Y","USDA/TC/LM/Mortens",""
"9516",9849,"UQAM",3,"Private","Private Yards","Y","Y2046","AC","ACSC","ACSC","Acer saccharum","Sugar Maple",332,"Y","Y","TC/LM",""
"9517",9850,"UQAM",3,"Private","Private Yards","Y","Y2047","BE","BEPA","BEPA","Betula papyrifera","Paper Birch",280,"Y","Y","USDA/TC/LM",""
"9518",9851,"UQAM",3,"Private","Private Yards","Y","Y2047","BE","BEPA","BEPA","Betula papyrifera","Paper Birch",288,"Y","Y","USDA/TC/LM",""
"9519",9852,"UQAM",3,"Private","Private Yards","Y","Y2047","CE","CEOC","CEOC","Celtis occidentalis","Common Hackberry",164,"Y","Y","USDA/LM/NRC",""
"9520",9853,"UQAM",3,"Private","Private Yards","Y","Y2047","SY","SYRE","SYRE","Syringa reticulata","Japanese Tree Lilac",76,"N","N","USDA/Mortens",""
"9521",9854,"UQAM",3,"Private","Private Yards","Y","Y2048","SY","SYRE","SYRE","Syringa reticulata","Japanese Tree Lilac",74,"N","N","USDA/Mortens",""
"9522",9855,"UQAM",3,"Private","Private Yards","Y","Y2050","AC","ACNE","ACNE","Acer negundo","Manitoba Maple",897,"N","Y","USDA/TC/LM/Mortens",""
"9523",9856,"UQAM",3,"Private","Private Yards","Y","Y2050","CE","CEOC","CEOC","Celtis occidentalis","Common Hackberry",394,"Y","Y","USDA/LM/NRC",""
"9524",9858,"UQAM",3,"Private","Private Yards","Y","Y2056","TH","THOC","THOC","Thuja occidentalis","Eastern White Cedar",50,"Y","Y","USDA/TC/LM",""
"9525",9859,"UQAM",3,"Private","Private Yards","Y","Y2056","TH","THOC","THOC","Thuja occidentalis","Eastern White Cedar",69,"Y","Y","USDA/TC/LM",""
"9526",9860,"UQAM",3,"Private","Private Yards","Y","Y2057","AC","ACNE","ACNE","Acer negundo","Manitoba Maple",144,"N","Y","USDA/TC/LM/Mortens",""
"9527",9861,"UQAM",3,"Private","Private Yards","Y","Y2057","AC","ACNE","ACNE","Acer negundo","Manitoba Maple",319,"N","Y","USDA/TC/LM/Mortens",""
"9528",9862,"UQAM",3,"Private","Private Yards","Y","Y2058","PO","PODE","PODE","Populus Deltoides","Eastern Cottonwood",904,"Y","Y","USDA/TC/LM",""
"9529",9863,"UQAM",3,"Private","Private Yards","Y","Y2058","AC","ACNE","ACNE","Acer negundo","Manitoba Maple",514,"N","Y","USDA/TC/LM/Mortens",""
"9530",9864,"UQAM",3,"Private","Private Yards","Y","Y2058","PO","PODE","PODE","Populus Deltoides","Eastern Cottonwood",1057,"Y","Y","USDA/TC/LM",""
"9531",9865,"UQAM",3,"Private","Private Yards","Y","Y2059","AC","ACPL","ACPL","Acer platanoides","Norway Maple",548,"N","N","USDA/TC",""
"9532",9866,"UQAM",3,"Private","Private Yards","Y","Y2061","SY","SYRE","SYRE","Syringa reticulata","Japanese Tree Lilac",93,"N","N","USDA/Mortens",""
"9533",9869,"UQAM",3,"Private","Private Yards","Y","Y2064","UL","ULPU","ULPU","Ulmus pumila","Siberian Elm",549,"N","N","USDA/TC/LM",""
"9534",9870,"UQAM",3,"Private","Private Yards","Y","Y2064","LO","LOTA","LOTA","Lonicera Tatarica ","Tartarian honeysuckle",64,"N","N","USDA",""
"9535",9871,"UQAM",3,"Private","Private Yards","Y","Y2064","SY","SYVU","SYVU","Syringa Vulgaris ","Common Lilac",47,"N","N","USDA/TC/Mortens",""
"9536",9872,"UQAM",3,"Private","Private Yards","Y","Y2064","SY","SYVU","SYVU","Syringa Vulgaris ","Common Lilac",46,"N","N","USDA/TC/Mortens",""
"9537",9875,"UQAM",3,"Private","Private Yards","Y","Y2066","AC","ACNE","ACNE","Acer negundo","Manitoba Maple",534,"N","Y","USDA/TC/LM/Mortens",""
"9538",9876,"UQAM",3,"Private","Private Yards","Y","Y2069","QU","QURU","QURU","Quercus rubra","Red Oak",266,"Y","Y","TC/LM",""
"9539",9881,"UQAM",3,"Private","Private Yards","Y","Y2072","AC","ACNE","ACNE","Acer negundo","Manitoba Maple",468,"N","Y","USDA/TC/LM/Mortens",""
"9540",9882,"UQAM",3,"Private","Private Yards","Y","Y2073","PR","PRAV","PRAV","Prunus Avium","Sweet cherry",355,"N","N","USDA/TC",""
"9541",9883,"UQAM",3,"Private","Private Yards","Y","Y2074","AC","ACNE","ACNE","Acer negundo","Manitoba Maple",269,"N","Y","USDA/TC/LM/Mortens",""
"9542",9884,"UQAM",3,"Private","Private Yards","Y","Y2075","AC","ACNE","ACNE","Acer negundo","Manitoba Maple",195,"N","Y","USDA/TC/LM/Mortens",""
"9543",9885,"UQAM",3,"Private","Private Yards","Y","Y2075","AC","ACNE","ACNE","Acer negundo","Manitoba Maple",189,"N","Y","USDA/TC/LM/Mortens",""
"9544",9886,"UQAM",3,"Private","Private Yards","Y","Y2075","AC","ACNE","ACNE","Acer negundo","Manitoba Maple",324,"N","Y","USDA/TC/LM/Mortens",""
"9545",9887,"UQAM",3,"Private","Private Yards","Y","Y2075","TH","THOC","THOC","Thuja occidentalis","Eastern White Cedar",63,"Y","Y","USDA/TC/LM",""
"9546",9888,"UQAM",3,"Private","Private Yards","Y","Y2075","TH","THOC","THOC","Thuja occidentalis","Eastern White Cedar",63,"Y","Y","USDA/TC/LM",""
"9547",9889,"UQAM",3,"Private","Private Yards","Y","Y2075","SY","SYME","SYME","Syringa meyeri","Korean Lilac",92,"N","N","Missouri Botanical Garden",""
"9548",9890,"UQAM",3,"Private","Private Yards","Y","Y2075","AC","ACNE","ACNE","Acer negundo","Manitoba Maple",160,"N","Y","USDA/TC/LM/Mortens",""
"9549",9891,"UQAM",3,"Private","Private Yards","Y","Y2075","AC","ACNE","ACNE","Acer negundo","Manitoba Maple",166,"N","Y","USDA/TC/LM/Mortens",""
"9550",9892,"UQAM",3,"Private","Private Yards","Y","Y2076","AC","ACNE","ACNE","Acer negundo","Manitoba Maple",64,"N","Y","USDA/TC/LM/Mortens",""
"9551",9893,"UQAM",3,"Private","Private Yards","Y","Y2076","AC","ACRU","ACRU","Acer rubrum","Red Maple",32,"Y","Y","USDA/LM/TC",""
"9552",9894,"UQAM",3,"Private","Private Yards","Y","Y2076","PR","PRAV","PRAV","Prunus Avium","Sweet cherry",159,"N","N","USDA/TC",""
"9553",9895,"UQAM",3,"Private","Private Yards","Y","Y2076","MA","MA","MA","Magnolia x ","",157,"N","N",NA,""
"9554",9896,"UQAM",3,"Private","Private Yards","Y","Y2077","CT","CTSP","CTSP","Catalpa speciosa","Western Catalpa",364,"N","Y","USDA/TC/LM",""
"9555",9897,"UQAM",3,"Private","Private Yards","Y","Y2077","SY","SYVU","SYVU","Syringa Vulgaris ","Common Lilac",144,"N","N","USDA/TC/Mortens",""
"9556",9898,"UQAM",3,"Private","Private Yards","Y","Y2077","AB","ABBA","ABBA","Abies Balsamea","Balsam fir",123,"Y","Y","USDA/TC/LM",""
"9557",9899,"UQAM",3,"Private","Private Yards","Y","Y2077","SY","SYVU","SYVU","Syringa Vulgaris ","Common Lilac",110,"N","N","USDA/TC/Mortens",""
"9558",9900,"UQAM",3,"Private","Private Yards","Y","Y2077","AC","ACNE","ACNE","Acer negundo","Manitoba Maple",50,"N","Y","USDA/TC/LM/Mortens",""
"9559",9901,"UQAM",3,"Private","Private Yards","Y","Y2077","RH","RHCA","RHCA","Rhamnus Cathartica","European Buckthorn",103,"N","N","USDA/TC/Mortens",""
"9560",9902,"UQAM",3,"Private","Private Yards","Y","Y2077","AC","ACNE","ACNE","Acer negundo","Manitoba Maple",412,"N","Y","USDA/TC/LM/Mortens",""
"9561",9903,"UQAM",3,"Private","Private Yards","Y","Y2077","AC","ACPL","ACPL","Acer platanoides","Norway Maple",442,"N","N","USDA/TC",""
"9562",9904,"UQAM",3,"Private","Private Yards","Y","Y2077","SY","SYRE","SYRE","Syringa reticulata","Japanese Tree Lilac",175,"N","N","USDA/Mortens",""
"9563",9905,"UQAM",3,"Private","Private Yards","Y","Y2077","FR","FRPE","FRPE","Fraxinus pennsylvanica","Red Ash",470,"Y","Y","USDA/TC/Mortens/LM",""
"9564",9906,"UQAM",3,"Private","Private Yards","Y","Y2077","AC","ACNE","ACNE","Acer negundo","Manitoba Maple",442,"N","Y","USDA/TC/LM/Mortens",""
"9565",9907,"UQAM",3,"Private","Private Yards","Y","Y2079","QU","QURO","QURO","Quercus robur","English Oak",386,"N","N","USDA/TC/Mortens",""
"9566",9908,"UQAM",3,"Private","Private Yards","Y","Y2079","TH","THOC","THOC","Thuja occidentalis","Eastern White Cedar",29,"Y","Y","USDA/TC/LM",""
"9567",9909,"UQAM",3,"Private","Private Yards","Y","Y2080","MO","MOAL","MOAL","Morus Alba","White Mulberry",140,"N","N","USDA/TC/Mortens",""
"9568",9910,"UQAM",3,"Private","Private Yards","Y","Y2080","AC","ACFR","ACFR","Acer x freemannii","FREEMAN MAPLE",97,"Y","Y","Mortens/LM","Hybrid of two SLL native species: Acer saccharinum & Acer rubrum"
"9569",9911,"UQAM",3,"Private","Private Yards","Y","Y2080","AC","ACPL","ACPL","Acer platanoides","Norway Maple",743,"N","N","USDA/TC",""
"9570",9912,"UQAM",3,"Private","Private Yards","Y","Y2080","EU","EUAL","EUAL","Euonymous Alatus","Burning Bush",69,"N","N","USDA/TC",""
"9571",9914,"UQAM",3,"Private","Private Yards","Y","Y2081","AC","ACPL","ACPL","Acer platanoides","Norway Maple",291,"N","N","USDA/TC",""
"9572",9916,"UQAM",3,"Private","Private Yards","Y","Y2082","SY","SYVU","SYVU","Syringa Vulgaris ","Common Lilac",104,"N","N","USDA/TC/Mortens",""
"9573",9920,"UQAM",3,"Private","Private Yards","Y","Y2083","SY","SYVU","SYVU","Syringa Vulgaris ","Common Lilac",62,"N","N","USDA/TC/Mortens",""
"9574",9922,"UQAM",3,"Private","Private Yards","Y","Y2084","AC","ACSC","ACSC","Acer saccharum","Sugar Maple",262,"Y","Y","TC/LM",""
"9575",9924,"UQAM",3,"Private","Private Yards","Y","Y2085","GL","GLTR","GLTR","Gleditsia triacanthos","Common Honey-Locust",358,"N","Y","USDA/TC/LM",""
"9576",9925,"UQAM",3,"Private","Private Yards","Y","Y2086","MO","MOAL","MOAL","Morus Alba","White Mulberry",80,"N","N","USDA/TC/Mortens",""
"9577",9927,"UQAM",3,"Private","Private Yards","Y","Y2086","AC","ACNE","ACNE","Acer negundo","Manitoba Maple",108,"N","Y","USDA/TC/LM/Mortens",""
"9578",9928,"UQAM",3,"Private","Private Yards","Y","Y2087","AC","ACNE","ACNE","Acer negundo","Manitoba Maple",216,"N","Y","USDA/TC/LM/Mortens",""
"9579",9929,"UQAM",3,"Private","Private Yards","Y","Y2087","FR","FRAM","FRAM","Fraxinus americana","White Ash",820,"Y","Y","USDA/TC/LM",""
"9580",9930,"UQAM",3,"Private","Private Yards","Y","Y2088","QU","QURU","QURU","Quercus rubra","Red Oak",341,"Y","Y","TC/LM",""
"9581",9931,"UQAM",3,"Private","Private Yards","Y","Y2089","QU","QURU","QURU","Quercus rubra","Red Oak",424,"Y","Y","TC/LM",""
"9582",9933,"UQAM",3,"Private","Private Yards","Y","Y2090","AC","ACRU","ACRU","Acer rubrum","Red Maple",329,"Y","Y","USDA/LM/TC",""
"9583",9935,"UQAM",3,"Private","Private Yards","Y","Y2091","AC","ACNE","ACNE","Acer negundo","Manitoba Maple",784,"N","Y","USDA/TC/LM/Mortens",""
"9584",9936,"UQAM",3,"Private","Private Yards","Y","Y2091","AC","ACPL","ACPL","Acer platanoides","Norway Maple",359,"N","N","USDA/TC",""
"9585",9939,"UQAM",3,"Private","Private Yards","Y","Y2092","UL","ULPU","ULPU","Ulmus pumila","Siberian Elm",93,"N","N","USDA/TC/LM",""
"9586",9940,"UQAM",3,"Private","Private Yards","Y","Y2092","AC","ACSC","ACSC","Acer saccharum","Sugar Maple",432,"Y","Y","TC/LM",""
"9587",9943,"UQAM",3,"Private","Private Yards","Y","Y2093","AC","ACNE","ACNE","Acer negundo","Manitoba Maple",225,"N","Y","USDA/TC/LM/Mortens",""
"9588",9944,"UQAM",3,"Private","Private Yards","Y","Y2093","AM","AM","AM","Amelanchier","",57,"Y","Y",NA,""
"9589",9945,"UQAM",3,"Private","Private Yards","Y","Y2094","UL","ULPU","ULPU","Ulmus pumila","Siberian Elm",51,"N","N","USDA/TC/LM",""
"9590",9946,"UQAM",3,"Private","Private Yards","Y","Y2094","LO","LOTA","LOTA","Lonicera Tatarica ","Tartarian honeysuckle",22,"N","N","USDA",""
"9591",9947,"UQAM",3,"Private","Private Yards","Y","Y2094","UL","ULPU","ULPU","Ulmus pumila","Siberian Elm",76,"N","N","USDA/TC/LM",""
"9592",9948,"UQAM",3,"Private","Private Yards","Y","Y2094","UL","ULPU","ULPU","Ulmus pumila","Siberian Elm",159,"N","N","USDA/TC/LM",""
"9593",9949,"UQAM",3,"Private","Private Yards","Y","Y2094","SY","SYVU","SYVU","Syringa Vulgaris ","Common Lilac",64,"N","N","USDA/TC/Mortens",""
"9594",9950,"UQAM",3,"Private","Private Yards","Y","Y2095","AC","ACSC","ACSC","Acer saccharum","Sugar Maple",959,"Y","Y","TC/LM",""
"9595",9951,"UQAM",3,"Private","Private Yards","Y","Y2095","UL","ULPU","ULPU","Ulmus pumila","Siberian Elm",37,"N","N","USDA/TC/LM",""
"9596",9952,"UQAM",3,"Private","Private Yards","Y","Y2095","UL","ULPU","ULPU","Ulmus pumila","Siberian Elm",101,"N","N","USDA/TC/LM",""
"9597",9953,"UQAM",3,"Private","Private Yards","Y","Y2095","UL","ULPU","ULPU","Ulmus pumila","Siberian Elm",84,"N","N","USDA/TC/LM",""
"9598",9954,"UQAM",3,"Private","Private Yards","Y","Y2095","UL","ULPU","ULPU","Ulmus pumila","Siberian Elm",70,"N","N","USDA/TC/LM",""
"9599",9955,"UQAM",3,"Private","Private Yards","Y","Y2095","VI","VIBO","VIBO","Viburnum trilobum","American cranberrybush viburnum ",520,"Y","Y","PFAF",""
"9600",9956,"UQAM",3,"Private","Private Yards","Y","Y2096","SY","SYVU","SYVU","Syringa Vulgaris ","Common Lilac",45,"N","N","USDA/TC/Mortens",""
"9601",9957,"UQAM",3,"Private","Private Yards","Y","Y2096","SY","SYVU","SYVU","Syringa Vulgaris ","Common Lilac",47,"N","N","USDA/TC/Mortens",""
"9602",9958,"UQAM",3,"Private","Private Yards","Y","Y2097","AC","ACPL","ACPL","Acer platanoides","Norway Maple",39,"N","N","USDA/TC",""
"9603",9959,"UQAM",3,"Private","Private Yards","Y","Y2098","UL","ULPU","ULPU","Ulmus pumila","Siberian Elm",512,"N","N","USDA/TC/LM",""
"9604",9960,"UQAM",3,"Private","Private Yards","Y","Y2098","UL","ULPU","ULPU","Ulmus pumila","Siberian Elm",1031,"N","N","USDA/TC/LM",""
"9605",9961,"UQAM",3,"Private","Private Yards","Y","Y2099","UL","ULPU","ULPU","Ulmus pumila","Siberian Elm",881,"N","N","USDA/TC/LM",""
